,Country,Date,No. of confirmed cases,No. of confirmed deaths
0,Guinea,2014-08-29,482.0,287.0
3,Liberia,2014-08-29,322.0,225.0
0,Total,2014-08-29,1754.0,898.0
1,Nigeria,2014-08-29,15.0,6.0
2,Sierra Leone,2014-08-29,935.0,380.0
4,Sierra Leone,2014-09-05,1146.0,443.0
5,Nigeria,2014-09-05,18.0,7.0
6,Liberia,2014-09-05,614.0,431.0
7,Guinea,2014-09-05,604.0,362.0
8,Senegal,2014-09-05,1.0,0.0
1,Total,2014-09-05,2383.0,1243.0
13,Nigeria,2014-09-08,19.0,7.0
2,Total,2014-09-08,2552.0,1376.0
11,Sierra Leone,2014-09-08,1234.0,461.0
9,Senegal,2014-09-08,1.0,0.0
10,Guinea,2014-09-08,664.0,400.0
12,Liberia,2014-09-08,634.0,508.0
14,Guinea,2014-09-12,678.0,403.0
15,Sierra Leone,2014-09-12,1287.0,478.0
16,Nigeria,2014-09-12,19.0,7.0
17,Liberia,2014-09-12,654.0,498.0
18,Senegal,2014-09-12,1.0,0.0
3,Total,2014-09-12,2639.0,1386.0
4,Total,2014-09-16,3017.0,1513.0
19,Senegal,2014-09-16,1.0,0.0
20,Sierra Leone,2014-09-16,1464.0,514.0
21,Guinea,2014-09-16,743.0,429.0
23,Liberia,2014-09-16,790.0,563.0
22,Nigeria,2014-09-16,19.0,7.0
24,Nigeria,2014-09-18,19.0,7.0
25,Guinea,2014-09-18,750.0,435.0
26,Sierra Leone,2014-09-18,1513.0,517.0
27,Liberia,2014-09-18,812.0,631.0
28,Senegal,2014-09-18,1.0,0.0
5,Total,2014-09-18,3095.0,1590.0
6,Total,2014-09-22,3341.0,1687.0
29,Nigeria,2014-09-22,19.0,7.0
32,Senegal,2014-09-22,1.0,0.0
31,Liberia,2014-09-22,863.0,670.0
30,Sierra Leone,2014-09-22,1640.0,545.0
33,Guinea,2014-09-22,818.0,465.0
35,Guinea,2014-09-24,832.0,468.0
7,Total,2014-09-24,3487.0,1698.0
36,Nigeria,2014-09-24,19.0,7.0
38,Sierra Leone,2014-09-24,1745.0,552.0
37,Senegal,2014-09-24,1.0,0.0
34,Liberia,2014-09-24,890.0,671.0
42,Guinea,2014-09-26,876.0,481.0
41,Senegal,2014-09-26,1.0,0.0
8,Total,2014-09-26,3626.0,1837.0
40,Liberia,2014-09-26,914.0,792.0
39,Sierra Leone,2014-09-26,1816.0,557.0
43,Nigeria,2014-09-26,19.0,7.0
9,Total,2014-10-01,3973.0,2006.0
45,Senegal,2014-10-01,1.0,0.0
48,Liberia,2014-10-01,927.0,890.0
47,Sierra Leone,2014-10-01,2076.0,574.0
46,Nigeria,2014-10-01,19.0,7.0
44,Guinea,2014-10-01,950.0,535.0
53,Sierra Leone,2014-10-03,2179.0,575.0
52,Liberia,2014-10-03,931.0,934.0
10,Total,2014-10-03,4108.0,2078.0
50,Nigeria,2014-10-03,19.0,7.0
49,United States of America,2014-10-03,1.0,0.0
54,Senegal,2014-10-03,1.0,0.0
51,Guinea,2014-10-03,977.0,562.0
11,Total,2014-10-08,4461.0,2337.0
60,Liberia,2014-10-08,941.0,1018.0
55,Nigeria,2014-10-08,19.0,7.0
56,United States of America,2014-10-08,1.0,0.0
57,Senegal,2014-10-08,1.0,0.0
58,Guinea,2014-10-08,1044.0,587.0
59,Sierra Leone,2014-10-08,2455.0,725.0
66,Guinea,2014-10-10,1097.0,598.0
12,Total,2014-10-10,4655.0,2430.0
61,United States of America,2014-10-10,1.0,0.0
62,Senegal,2014-10-10,1.0,0.0
63,Liberia,2014-10-10,943.0,1072.0
64,Nigeria,2014-10-10,19.0,7.0
65,Spain,2014-10-10,1.0,0.0
67,Sierra Leone,2014-10-10,2593.0,753.0
13,Total,2014-10-15,5006.0,1587.0
68,United States of America,2014-10-15,2.0,1.0
74,Sierra Leone,2014-10-15,2849.0,926.0
73,Guinea,2014-10-15,1184.0,653.0
72,Spain,2014-10-15,1.0,0.0
71,Liberia,2014-10-15,950.0,
70,Nigeria,2014-10-15,19.0,7.0
69,Senegal,2014-10-15,1.0,0.0
80,Liberia,2014-10-17,,
79,United States of America,2014-10-17,3.0,1.0
78,Senegal,2014-10-17,1.0,0.0
77,Spain,2014-10-17,1.0,0.0
76,Nigeria,2014-10-17,19.0,7.0
14,Total,2014-10-17,4218.0,1611.0
75,Guinea,2014-10-17,1217.0,671.0
81,Sierra Leone,2014-10-17,2977.0,932.0
15,Total,2014-10-22,5501.0,2945.0
86,Senegal,2014-10-22,1.0,0.0
82,Nigeria,2014-10-22,19.0,7.0
83,Spain,2014-10-22,1.0,0.0
84,United States of America,2014-10-22,3.0,1.0
85,Sierra Leone,2014-10-22,3223.0,986.0
87,Liberia,2014-10-22,965.0,1241.0
88,Guinea,2014-10-22,1289.0,710.0
91,Sierra Leone,2014-10-25,3389.0,1008.0
16,Total,2014-10-25,5692.0,2990.0
96,Liberia,2014-10-25,965.0,1241.0
95,Guinea,2014-10-25,1312.0,732.0
94,Nigeria,2014-10-25,19.0,7.0
90,United States of America,2014-10-25,4.0,1.0
92,Spain,2014-10-25,1.0,0.0
89,Mali,2014-10-25,1.0,1.0
93,Senegal,2014-10-25,1.0,0.0
17,Total,2014-10-29,7632.0,9.0
97,Liberia,2014-10-29,2515.0,
98,Mali,2014-10-29,1.0,1.0
99,Nigeria,2014-10-29,19.0,7.0
103,United States of America,2014-10-29,4.0,1.0
104,Sierra Leone,2014-10-29,3700.0,
102,Guinea,2014-10-29,1391.0,
101,Spain,2014-10-29,1.0,0.0
100,Senegal,2014-10-29,1.0,0.0
110,Mali,2014-10-31,1.0,1.0
111,Liberia,2014-10-31,2515.0,
112,Sierra Leone,2014-10-31,3778.0,
18,Total,2014-10-31,7728.0,9.0
107,Spain,2014-10-31,1.0,0.0
106,Nigeria,2014-10-31,19.0,7.0
105,Guinea,2014-10-31,1409.0,
109,Senegal,2014-10-31,1.0,0.0
108,United States of America,2014-10-31,4.0,1.0
19,Total,2014-11-05,7991.0,1739.0
119,Senegal,2014-11-05,1.0,0.0
120,Sierra Leone,2014-11-05,4057.0,893.0
113,Spain,2014-11-05,1.0,0.0
114,United States of America,2014-11-05,4.0,1.0
115,Guinea,2014-11-05,1457.0,837.0
116,Liberia,2014-11-05,2451.0,
118,Nigeria,2014-11-05,19.0,7.0
117,Mali,2014-11-05,1.0,1.0
122,Guinea,2014-11-07,1479.0,850.0
123,United States of America,2014-11-07,4.0,1.0
124,Senegal,2014-11-07,1.0,0.0
125,Liberia,2014-11-07,2514.0,
121,Nigeria,2014-11-07,19.0,7.0
126,Spain,2014-11-07,1.0,0.0
127,Mali,2014-11-07,1.0,1.0
20,Total,2014-11-07,8168.0,1780.0
128,Sierra Leone,2014-11-07,4149.0,921.0
21,Total,2014-11-12,8715.0,1904.0
136,Senegal,2014-11-12,1.0,0.0
135,Liberia,2014-11-12,2553.0,
134,Sierra Leone,2014-11-12,4523.0,960.0
133,Guinea,2014-11-12,1612.0,934.0
132,Nigeria,2014-11-12,19.0,7.0
131,Mali,2014-11-12,2.0,2.0
130,United States of America,2014-11-12,4.0,1.0
129,Spain,2014-11-12,1.0,0.0
22,Total,2014-11-14,8920.0,1944.0
140,Nigeria,2014-11-14,19.0,7.0
137,Senegal,2014-11-14,1.0,0.0
138,Guinea,2014-11-14,1647.0,958.0
139,Spain,2014-11-14,1.0,0.0
141,Mali,2014-11-14,3.0,
142,United States of America,2014-11-14,4.0,1.0
143,Liberia,2014-11-14,2562.0,
144,Sierra Leone,2014-11-14,4683.0,978.0
152,Guinea,2014-11-19,1698.0,982.0
23,Total,2014-11-19,9427.0,2035.0
145,Liberia,2014-11-19,2643.0,
147,Sierra Leone,2014-11-19,5056.0,1041.0
146,Spain,2014-11-19,1.0,0.0
149,Nigeria,2014-11-19,19.0,7.0
150,Mali,2014-11-19,5.0,4.0
151,United States of America,2014-11-19,4.0,1.0
148,Senegal,2014-11-19,1.0,0.0
160,Guinea,2014-11-21,1745.0,998.0
159,Senegal,2014-11-21,1.0,0.0
158,Mali,2014-11-21,5.0,5.0
157,Sierra Leone,2014-11-21,5152.0,1058.0
156,United States of America,2014-11-21,4.0,1.0
155,Nigeria,2014-11-21,19.0,7.0
154,Liberia,2014-11-21,2669.0,
24,Total,2014-11-21,9596.0,2069.0
153,Spain,2014-11-21,1.0,0.0
25,Total,2014-11-26,10050.0,2252.0
161,Sierra Leone,2014-11-26,5441.0,1189.0
162,Liberia,2014-11-26,2727.0,
163,Mali,2014-11-26,7.0,5.0
164,United States of America,2014-11-26,4.0,1.0
165,Spain,2014-11-26,1.0,0.0
166,Nigeria,2014-11-26,19.0,7.0
167,Guinea,2014-11-26,1850.0,1050.0
168,Senegal,2014-11-26,1.0,0.0
173,Liberia,2014-12-01,2801.0,
176,United States of America,2014-12-01,4.0,1.0
175,Guinea,2014-12-01,1921.0,1102.0
174,Nigeria,2014-12-01,19.0,7.0
26,Total,2014-12-01,10585.0,2431.0
170,Mali,2014-12-01,7.0,
171,Spain,2014-12-01,1.0,0.0
169,Senegal,2014-12-01,1.0,0.0
172,Sierra Leone,2014-12-01,5831.0,1321.0
182,Liberia,2014-12-03,2801.0,
184,Nigeria,2014-12-03,19.0,7.0
183,United States of America,2014-12-03,4.0,1.0
181,Sierra Leone,2014-12-03,5978.0,1374.0
27,Total,2014-12-03,10740.0,2499.0
179,Guinea,2014-12-03,1929.0,1117.0
178,Spain,2014-12-03,1.0,0.0
177,Mali,2014-12-03,7.0,
180,Senegal,2014-12-03,1.0,0.0
188,Mali,2014-12-10,7.0,
185,Spain,2014-12-10,1.0,0.0
28,Total,2014-12-10,11288.0,2774.0
189,Liberia,2014-12-10,2830.0,
190,Sierra Leone,2014-12-10,6375.0,1559.0
191,Nigeria,2014-12-10,19.0,7.0
192,United States of America,2014-12-10,4.0,1.0
187,Senegal,2014-12-10,1.0,0.0
186,Guinea,2014-12-10,2051.0,1207.0
196,United States of America,2014-12-15,4.0,1.0
29,Total,2014-12-15,11731.0,3087.0
193,Spain,2014-12-15,1.0,0.0
194,Nigeria,2014-12-15,19.0,7.0
195,Guinea,2014-12-15,2115.0,1255.0
197,Mali,2014-12-15,7.0,
198,Liberia,2014-12-15,2946.0,
200,Sierra Leone,2014-12-15,6638.0,1824.0
199,Senegal,2014-12-15,1.0,0.0
207,Guinea,2014-12-17,2127.0,1262.0
206,United States of America,2014-12-17,4.0,1.0
201,Nigeria,2014-12-17,19.0,7.0
202,Senegal,2014-12-17,1.0,0.0
203,Spain,2014-12-17,1.0,0.0
208,Sierra Leone,2014-12-17,6702.0,1876.0
30,Total,2014-12-17,11807.0,3146.0
204,Liberia,2014-12-17,2946.0,
205,Mali,2014-12-17,7.0,
31,Total,2014-12-22,12351.0,3521.0
214,Liberia,2014-12-22,3085.0,
209,Spain,2014-12-22,1.0,0.0
210,United States of America,2014-12-22,4.0,1.0
211,Nigeria,2014-12-22,19.0,7.0
212,Senegal,2014-12-22,1.0,0.0
213,Guinea,2014-12-22,2259.0,1323.0
215,Mali,2014-12-22,7.0,
216,Sierra Leone,2014-12-22,6975.0,2190.0
220,Liberia,2014-12-23,3085.0,
32,Total,2014-12-23,12418.0,3568.0
224,United States of America,2014-12-23,4.0,1.0
223,Nigeria,2014-12-23,19.0,7.0
222,Guinea,2014-12-23,2284.0,1344.0
221,Senegal,2014-12-23,1.0,0.0
219,Spain,2014-12-23,1.0,0.0
218,Mali,2014-12-23,7.0,
217,Sierra Leone,2014-12-23,7017.0,2216.0
231,Liberia,2014-12-24,3085.0,
33,Total,2014-12-24,12418.0,3568.0
225,Nigeria,2014-12-24,19.0,7.0
226,Senegal,2014-12-24,1.0,0.0
227,Guinea,2014-12-24,2284.0,1344.0
228,Sierra Leone,2014-12-24,7017.0,2216.0
229,Spain,2014-12-24,1.0,0.0
230,Mali,2014-12-24,7.0,
232,United States of America,2014-12-24,4.0,1.0
34,Total,2014-12-26,12619.0,3682.0
240,Spain,2014-12-26,1.0,0.0
233,Senegal,2014-12-26,1.0,0.0
234,Mali,2014-12-26,7.0,
235,Sierra Leone,2014-12-26,7160.0,2289.0
236,United States of America,2014-12-26,4.0,1.0
237,Nigeria,2014-12-26,19.0,7.0
238,Guinea,2014-12-26,2342.0,1385.0
239,Liberia,2014-12-26,3085.0,
245,Liberia,2014-12-29,3108.0,
35,Total,2014-12-29,12850.0,3796.0
248,Spain,2014-12-29,1.0,0.0
247,Senegal,2014-12-29,1.0,0.0
246,Guinea,2014-12-29,2384.0,1422.0
242,Sierra Leone,2014-12-29,7326.0,2366.0
243,Nigeria,2014-12-29,19.0,7.0
241,United States of America,2014-12-29,4.0,1.0
244,Mali,2014-12-29,7.0,
255,Senegal,2014-12-30,1.0,0.0
36,Total,2014-12-30,12891.0,3833.0
256,Nigeria,2014-12-30,19.0,7.0
254,Spain,2014-12-30,1.0,0.0
253,Guinea,2014-12-30,2397.0,1433.0
252,Liberia,2014-12-30,3108.0,
251,Mali,2014-12-30,7.0,
249,United States of America,2014-12-30,4.0,1.0
250,Sierra Leone,2014-12-30,7354.0,2392.0
37,Total,2014-12-31,12893.0,3833.0
264,Guinea,2014-12-31,2397.0,1433.0
262,Nigeria,2014-12-31,19.0,7.0
263,United States of America,2014-12-31,4.0,1.0
260,Sierra Leone,2014-12-31,7354.0,2392.0
259,Liberia,2014-12-31,3110.0,
258,Senegal,2014-12-31,1.0,0.0
257,Spain,2014-12-31,1.0,0.0
261,Mali,2014-12-31,7.0,
38,Total,2015-01-02,13054.0,3932.0
265,Nigeria,2015-01-02,19.0,7.0
266,Spain,2015-01-02,1.0,0.0
267,United States of America,2015-01-02,4.0,1.0
268,Senegal,2015-01-02,1.0,0.0
269,United Kingdom,2015-01-02,1.0,
270,Liberia,2015-01-02,3110.0,
271,Sierra Leone,2015-01-02,7476.0,2461.0
272,Mali,2015-01-02,7.0,
273,Guinea,2015-01-02,2435.0,1463.0
39,Total,2015-01-05,13184.0,4045.0
282,Senegal,2015-01-05,1.0,0.0
281,Mali,2015-01-05,7.0,
280,United States of America,2015-01-05,4.0,1.0
279,Guinea,2015-01-05,2465.0,1488.0
278,United Kingdom,2015-01-05,1.0,
277,Nigeria,2015-01-05,19.0,7.0
276,Spain,2015-01-05,1.0,0.0
275,Liberia,2015-01-05,3116.0,
274,Sierra Leone,2015-01-05,7570.0,2549.0
283,United Kingdom,2015-01-06,1.0,0.0
284,Guinea,2015-01-06,2471.0,1499.0
285,Sierra Leone,2015-01-06,7602.0,2577.0
286,Liberia,2015-01-06,3118.0,
288,United States of America,2015-01-06,4.0,1.0
40,Total,2015-01-06,13224.0,4084.0
290,Nigeria,2015-01-06,19.0,7.0
289,Senegal,2015-01-06,1.0,0.0
287,Spain,2015-01-06,1.0,0.0
291,Mali,2015-01-06,7.0,
292,Spain,2015-01-07,1.0,0.0
41,Total,2015-01-07,13224.0,4084.0
298,United States of America,2015-01-07,4.0,1.0
297,Mali,2015-01-07,7.0,
300,Liberia,2015-01-07,3118.0,
295,Nigeria,2015-01-07,19.0,7.0
294,Senegal,2015-01-07,1.0,0.0
293,Guinea,2015-01-07,2471.0,1499.0
296,United Kingdom,2015-01-07,1.0,0.0
299,Sierra Leone,2015-01-07,7602.0,2577.0
301,United Kingdom,2015-01-08,1.0,
302,Mali,2015-01-08,7.0,
303,Guinea,2015-01-08,2477.0,1504.0
304,Sierra Leone,2015-01-08,7759.0,2611.0
305,Liberia,2015-01-08,3118.0,
42,Total,2015-01-08,13362.0,4115.0
308,United Kingdom,2015-01-09,1.0,
43,Total,2015-01-09,13383.0,4126.0
307,Guinea,2015-01-09,2493.0,1515.0
306,Mali,2015-01-09,7.0,
309,Sierra Leone,2015-01-09,7759.0,2611.0
310,Liberia,2015-01-09,3123.0,
311,Liberia,2015-01-12,3123.0,
312,United Kingdom,2015-01-12,1.0,
315,Guinea,2015-01-12,2508.0,1523.0
314,Mali,2015-01-12,7.0,
44,Total,2015-01-12,13405.0,4206.0
313,Sierra Leone,2015-01-12,7766.0,2683.0
318,Guinea,2015-01-13,2508.0,1523.0
319,Liberia,2015-01-13,3123.0,
316,United Kingdom,2015-01-13,1.0,
317,Mali,2015-01-13,7.0,
320,Sierra Leone,2015-01-13,7766.0,2683.0
45,Total,2015-01-13,13405.0,4206.0
46,Total,2015-01-14,13460.0,4234.0
321,Liberia,2015-01-14,3127.0,
323,Senegal,2015-01-14,1.0,0.0
324,Guinea,2015-01-14,2514.0,1530.0
325,Spain,2015-01-14,1.0,0.0
326,Nigeria,2015-01-14,19.0,7.0
327,Sierra Leone,2015-01-14,7786.0,2696.0
328,Mali,2015-01-14,7.0,
329,United Kingdom,2015-01-14,1.0,
322,United States of America,2015-01-14,4.0,1.0
333,Mali,2015-01-15,7.0,
330,Sierra Leone,2015-01-15,7802.0,2701.0
331,Liberia,2015-01-15,3127.0,
332,United States of America,2015-01-15,4.0,1.0
334,Spain,2015-01-15,1.0,0.0
336,United Kingdom,2015-01-15,1.0,
337,Nigeria,2015-01-15,19.0,7.0
338,Senegal,2015-01-15,1.0,0.0
47,Total,2015-01-15,13484.0,4246.0
335,Guinea,2015-01-15,2522.0,1537.0
340,Nigeria,2015-01-16,19.0,7.0
341,Guinea,2015-01-16,2525.0,1541.0
342,Mali,2015-01-16,7.0,
343,Senegal,2015-01-16,1.0,0.0
344,Liberia,2015-01-16,3127.0,
345,United States of America,2015-01-16,4.0,1.0
346,Sierra Leone,2015-01-16,7825.0,2717.0
347,United Kingdom,2015-01-16,1.0,
48,Total,2015-01-16,13510.0,4266.0
339,Spain,2015-01-16,1.0,0.0
354,Senegal,2015-01-19,1.0,0.0
348,Nigeria,2015-01-19,19.0,7.0
349,Liberia,2015-01-19,3131.0,
350,United Kingdom,2015-01-19,1.0,
351,Spain,2015-01-19,1.0,0.0
352,Guinea,2015-01-19,2539.0,1556.0
356,Mali,2015-01-19,7.0,
355,United States of America,2015-01-19,4.0,1.0
353,Sierra Leone,2015-01-19,7883.0,2766.0
49,Total,2015-01-19,13586.0,4330.0
363,Mali,2015-01-20,7.0,
364,United States of America,2015-01-20,4.0,1.0
50,Total,2015-01-20,13610.0,4344.0
362,Guinea,2015-01-20,2539.0,1557.0
361,Liberia,2015-01-20,3135.0,
360,Nigeria,2015-01-20,19.0,7.0
359,Senegal,2015-01-20,1.0,0.0
358,United Kingdom,2015-01-20,1.0,
357,Spain,2015-01-20,1.0,0.0
365,Sierra Leone,2015-01-20,7903.0,2779.0
51,Total,2015-01-21,13610.0,4344.0
373,Guinea,2015-01-21,2539.0,1557.0
366,Sierra Leone,2015-01-21,7903.0,2779.0
367,Nigeria,2015-01-21,19.0,7.0
368,Liberia,2015-01-21,3135.0,
369,Spain,2015-01-21,1.0,0.0
370,Mali,2015-01-21,7.0,
371,Senegal,2015-01-21,1.0,0.0
372,United States of America,2015-01-21,4.0,1.0
374,United Kingdom,2015-01-21,1.0,
378,Nigeria,2015-01-22,19.0,7.0
383,United Kingdom,2015-01-22,1.0,
382,Spain,2015-01-22,1.0,0.0
381,Guinea,2015-01-22,2542.0,1560.0
380,Mali,2015-01-22,7.0,
379,Sierra Leone,2015-01-22,7909.0,2787.0
377,United States of America,2015-01-22,4.0,1.0
376,Senegal,2015-01-22,1.0,0.0
375,Liberia,2015-01-22,3136.0,
52,Total,2015-01-22,13620.0,4355.0
390,Nigeria,2015-01-23,19.0,7.0
53,Total,2015-01-23,13635.0,4362.0
384,Sierra Leone,2015-01-23,7921.0,2793.0
385,Mali,2015-01-23,7.0,
386,Liberia,2015-01-23,3136.0,
387,Spain,2015-01-23,1.0,0.0
388,Guinea,2015-01-23,2545.0,1561.0
389,Senegal,2015-01-23,1.0,0.0
392,United Kingdom,2015-01-23,1.0,
391,United States of America,2015-01-23,4.0,1.0
395,Nigeria,2015-01-26,19.0,7.0
394,Sierra Leone,2015-01-26,7963.0,2829.0
393,Senegal,2015-01-26,1.0,0.0
396,United States of America,2015-01-26,4.0,1.0
397,Guinea,2015-01-26,2559.0,1574.0
398,United Kingdom,2015-01-26,1.0,
399,Mali,2015-01-26,7.0,
400,Liberia,2015-01-26,3136.0,
401,Spain,2015-01-26,1.0,0.0
54,Total,2015-01-26,13691.0,4411.0
55,Total,2015-01-27,13708.0,4419.0
410,Guinea,2015-01-27,2569.0,1578.0
408,Sierra Leone,2015-01-27,7968.0,2833.0
407,Senegal,2015-01-27,1.0,0.0
409,United Kingdom,2015-01-27,1.0,
405,Spain,2015-01-27,1.0,0.0
404,United States of America,2015-01-27,4.0,1.0
403,Liberia,2015-01-27,3138.0,
402,Mali,2015-01-27,7.0,
406,Nigeria,2015-01-27,19.0,7.0
418,Nigeria,2015-01-28,19.0,7.0
411,Senegal,2015-01-28,1.0,0.0
412,Liberia,2015-01-28,3138.0,
413,United States of America,2015-01-28,4.0,1.0
414,Sierra Leone,2015-01-28,7968.0,2833.0
415,Spain,2015-01-28,1.0,0.0
416,United Kingdom,2015-01-28,1.0,
417,Mali,2015-01-28,7.0,
56,Total,2015-01-28,13708.0,4419.0
419,Guinea,2015-01-28,2569.0,1578.0
57,Total,2015-01-29,13719.0,4428.0
425,Senegal,2015-01-29,1.0,0.0
420,Mali,2015-01-29,7.0,
421,Nigeria,2015-01-29,19.0,7.0
422,Spain,2015-01-29,1.0,0.0
423,Liberia,2015-01-29,3138.0,
424,United States of America,2015-01-29,4.0,1.0
426,Sierra Leone,2015-01-29,7977.0,2841.0
427,Guinea,2015-01-29,2571.0,1579.0
428,United Kingdom,2015-01-29,1.0,
432,United Kingdom,2015-01-30,1.0,
437,Mali,2015-01-30,7.0,
436,Nigeria,2015-01-30,19.0,7.0
435,Guinea,2015-01-30,2575.0,1581.0
434,United States of America,2015-01-30,4.0,1.0
433,Senegal,2015-01-30,1.0,0.0
429,Spain,2015-01-30,1.0,0.0
431,Sierra Leone,2015-01-30,7989.0,2850.0
430,Liberia,2015-01-30,3138.0,
58,Total,2015-01-30,13735.0,4439.0
442,Senegal,2015-02-02,1.0,0.0
443,Guinea,2015-02-02,2593.0,1595.0
444,Mali,2015-02-02,7.0,
441,Nigeria,2015-02-02,19.0,7.0
445,Spain,2015-02-02,1.0,0.0
439,Sierra Leone,2015-02-02,8042.0,2908.0
438,Liberia,2015-02-02,3138.0,
446,United Kingdom,2015-02-02,1.0,
440,United States of America,2015-02-02,4.0,1.0
59,Total,2015-02-02,13806.0,4511.0
447,Guinea,2015-02-03,2608.0,1597.0
449,Senegal,2015-02-03,1.0,0.0
448,Mali,2015-02-03,7.0,
455,United States of America,2015-02-03,4.0,1.0
454,Sierra Leone,2015-02-03,8059.0,2910.0
453,Spain,2015-02-03,1.0,0.0
60,Total,2015-02-03,13843.0,4515.0
451,Nigeria,2015-02-03,19.0,7.0
452,United Kingdom,2015-02-03,1.0,
450,Liberia,2015-02-03,3143.0,
464,United States of America,2015-02-04,4.0,1.0
463,Nigeria,2015-02-04,19.0,7.0
461,United Kingdom,2015-02-04,1.0,
462,Senegal,2015-02-04,1.0,0.0
459,Guinea,2015-02-04,2608.0,1597.0
458,Liberia,2015-02-04,3143.0,
457,Mali,2015-02-04,7.0,
456,Sierra Leone,2015-02-04,8059.0,2910.0
61,Total,2015-02-04,13843.0,4515.0
460,Spain,2015-02-04,1.0,0.0
62,Total,2015-02-05,13860.0,4528.0
473,Spain,2015-02-05,1.0,0.0
472,Senegal,2015-02-05,1.0,0.0
471,Liberia,2015-02-05,3143.0,
469,Sierra Leone,2015-02-05,8063.0,2920.0
468,Guinea,2015-02-05,2621.0,1600.0
467,Mali,2015-02-05,7.0,
466,United States of America,2015-02-05,4.0,1.0
470,Nigeria,2015-02-05,19.0,7.0
465,United Kingdom,2015-02-05,1.0,
63,Total,2015-02-06,13888.0,4551.0
479,Liberia,2015-02-06,3143.0,
474,Nigeria,2015-02-06,19.0,7.0
475,Mali,2015-02-06,7.0,
478,Sierra Leone,2015-02-06,8084.0,2935.0
476,Spain,2015-02-06,1.0,0.0
477,Senegal,2015-02-06,1.0,0.0
481,United Kingdom,2015-02-06,1.0,
480,United States of America,2015-02-06,4.0,1.0
482,Guinea,2015-02-06,2628.0,1608.0
485,Mali,2015-02-10,7.0,
484,Spain,2015-02-10,1.0,0.0
486,United States of America,2015-02-10,4.0,1.0
487,Liberia,2015-02-10,3146.0,3826.0
488,Senegal,2015-02-10,1.0,0.0
489,Sierra Leone,2015-02-10,8135.0,2975.0
490,United Kingdom,2015-02-10,1.0,
491,Nigeria,2015-02-10,19.0,7.0
483,Guinea,2015-02-10,2674.0,1643.0
64,Total,2015-02-10,13988.0,8452.0
498,Mali,2015-02-11,7.0,
65,Total,2015-02-11,13988.0,8452.0
492,United States of America,2015-02-11,4.0,1.0
493,Nigeria,2015-02-11,19.0,7.0
494,Sierra Leone,2015-02-11,8135.0,2975.0
495,Guinea,2015-02-11,2674.0,1643.0
496,Senegal,2015-02-11,1.0,0.0
497,Liberia,2015-02-11,3146.0,3826.0
499,Spain,2015-02-11,1.0,0.0
500,United Kingdom,2015-02-11,1.0,
509,United States of America,2015-02-12,4.0,1.0
507,Senegal,2015-02-12,1.0,0.0
506,Mali,2015-02-12,7.0,
505,United Kingdom,2015-02-12,1.0,
504,Nigeria,2015-02-12,19.0,7.0
508,Spain,2015-02-12,1.0,0.0
502,Sierra Leone,2015-02-12,8138.0,2984.0
501,Guinea,2015-02-12,2685.0,1651.0
66,Total,2015-02-12,14002.0,8469.0
503,Liberia,2015-02-12,3146.0,3826.0
510,Sierra Leone,2015-02-13,8155.0,2997.0
67,Total,2015-02-13,14028.0,8522.0
511,Senegal,2015-02-13,1.0,0.0
514,Guinea,2015-02-13,2693.0,1659.0
513,Mali,2015-02-13,7.0,
512,Spain,2015-02-13,1.0,0.0
515,United Kingdom,2015-02-13,1.0,
516,United States of America,2015-02-13,4.0,1.0
517,Liberia,2015-02-13,3147.0,3858.0
518,Nigeria,2015-02-13,19.0,7.0
68,Total,2015-02-16,14101.0,4721.0
527,Nigeria,2015-02-16,19.0,7.0
525,Spain,2015-02-16,1.0,0.0
524,Senegal,2015-02-16,1.0,0.0
523,Guinea,2015-02-16,2720.0,1678.0
526,Sierra Leone,2015-02-16,8199.0,3035.0
521,Mali,2015-02-16,7.0,
520,United States of America,2015-02-16,4.0,1.0
519,Liberia,2015-02-16,3149.0,
522,United Kingdom,2015-02-16,1.0,
533,Spain,2015-02-17,1.0,0.0
532,Sierra Leone,2015-02-17,8212.0,3042.0
531,Guinea,2015-02-17,2727.0,1683.0
536,Senegal,2015-02-17,1.0,0.0
69,Total,2015-02-17,14121.0,4733.0
534,Mali,2015-02-17,7.0,
530,United States of America,2015-02-17,4.0,1.0
529,Liberia,2015-02-17,3149.0,
528,Nigeria,2015-02-17,19.0,7.0
535,United Kingdom,2015-02-17,1.0,
70,Total,2015-02-18,14121.0,4733.0
540,Spain,2015-02-18,1.0,0.0
541,Mali,2015-02-18,7.0,
543,Senegal,2015-02-18,1.0,0.0
537,Sierra Leone,2015-02-18,8212.0,3042.0
538,United Kingdom,2015-02-18,1.0,
544,Guinea,2015-02-18,2727.0,1683.0
539,Nigeria,2015-02-18,19.0,7.0
542,Liberia,2015-02-18,3149.0,
545,United States of America,2015-02-18,4.0,1.0
546,Nigeria,2015-02-19,19.0,7.0
547,United States of America,2015-02-19,4.0,1.0
548,Liberia,2015-02-19,3152.0,
549,Senegal,2015-02-19,1.0,0.0
550,Sierra Leone,2015-02-19,8223.0,3057.0
551,Spain,2015-02-19,1.0,0.0
71,Total,2015-02-19,14140.0,4751.0
552,Mali,2015-02-19,7.0,
553,Guinea,2015-02-19,2732.0,1686.0
554,United Kingdom,2015-02-19,1.0,
563,Senegal,2015-02-20,1.0,0.0
562,Spain,2015-02-20,1.0,0.0
561,Mali,2015-02-20,7.0,
560,Sierra Leone,2015-02-20,8223.0,3057.0
559,Nigeria,2015-02-20,19.0,7.0
557,Guinea,2015-02-20,2734.0,1688.0
555,United Kingdom,2015-02-20,1.0,
72,Total,2015-02-20,14142.0,4753.0
558,United States of America,2015-02-20,4.0,1.0
556,Liberia,2015-02-20,3152.0,
571,Guinea,2015-02-23,2758.0,1699.0
73,Total,2015-02-23,14167.0,4764.0
564,Liberia,2015-02-23,3153.0,
565,Senegal,2015-02-23,1.0,0.0
566,Spain,2015-02-23,1.0,0.0
567,United Kingdom,2015-02-23,1.0,
568,Mali,2015-02-23,7.0,
569,Sierra Leone,2015-02-23,8223.0,3057.0
570,Nigeria,2015-02-23,19.0,7.0
572,United States of America,2015-02-23,4.0,1.0
575,Liberia,2015-02-25,3153.0,
574,Sierra Leone,2015-02-25,8289.0,3095.0
573,United Kingdom,2015-02-25,1.0,
577,Mali,2015-02-25,7.0,
578,United States of America,2015-02-25,4.0,1.0
579,Guinea,2015-02-25,2762.0,1704.0
580,Senegal,2015-02-25,1.0,0.0
581,Spain,2015-02-25,1.0,0.0
74,Total,2015-02-25,14237.0,4807.0
576,Nigeria,2015-02-25,19.0,7.0
590,Spain,2015-02-26,1.0,0.0
589,Nigeria,2015-02-26,19.0,7.0
588,Liberia,2015-02-26,3153.0,
585,Sierra Leone,2015-02-26,8308.0,3113.0
586,United Kingdom,2015-02-26,1.0,
75,Total,2015-02-26,14275.0,4835.0
584,Guinea,2015-02-26,2781.0,1714.0
583,Senegal,2015-02-26,1.0,0.0
582,Mali,2015-02-26,7.0,
587,United States of America,2015-02-26,4.0,1.0
599,Liberia,2015-02-27,3153.0,
598,Spain,2015-02-27,1.0,0.0
76,Total,2015-02-27,14296.0,4853.0
593,Nigeria,2015-02-27,19.0,7.0
596,United Kingdom,2015-02-27,1.0,
595,Guinea,2015-02-27,2790.0,1721.0
594,United States of America,2015-02-27,4.0,1.0
592,Mali,2015-02-27,7.0,
591,Sierra Leone,2015-02-27,8320.0,3124.0
597,Senegal,2015-02-27,1.0,0.0
77,Total,2015-03-02,14347.0,4907.0
600,Guinea,2015-03-02,2808.0,1735.0
601,United Kingdom,2015-03-02,1.0,
602,Sierra Leone,2015-03-02,8353.0,3164.0
603,Spain,2015-03-02,1.0,0.0
604,Nigeria,2015-03-02,19.0,7.0
605,Mali,2015-03-02,7.0,
606,Liberia,2015-03-02,3153.0,
607,United States of America,2015-03-02,4.0,1.0
608,Senegal,2015-03-02,1.0,0.0
613,Mali,2015-03-04,7.0,
78,Total,2015-03-04,14347.0,4907.0
609,Liberia,2015-03-04,3153.0,
610,Nigeria,2015-03-04,19.0,7.0
611,Senegal,2015-03-04,1.0,0.0
612,United States of America,2015-03-04,4.0,1.0
614,Spain,2015-03-04,1.0,0.0
615,Sierra Leone,2015-03-04,8353.0,3164.0
616,Guinea,2015-03-04,2808.0,1735.0
617,United Kingdom,2015-03-04,1.0,
626,United States of America,2015-03-05,4.0,1.0
625,Sierra Leone,2015-03-05,8383.0,3199.0
624,Mali,2015-03-05,7.0,
623,Senegal,2015-03-05,1.0,0.0
79,Total,2015-03-05,14399.0,4956.0
620,Guinea,2015-03-05,2833.0,1749.0
619,United Kingdom,2015-03-05,1.0,
618,Nigeria,2015-03-05,19.0,7.0
621,Spain,2015-03-05,1.0,0.0
622,Liberia,2015-03-05,3150.0,
80,Total,2015-03-06,14412.0,4973.0
627,United States of America,2015-03-06,4.0,1.0
628,Mali,2015-03-06,7.0,
629,Nigeria,2015-03-06,19.0,7.0
630,Liberia,2015-03-06,3150.0,
631,Sierra Leone,2015-03-06,8389.0,3210.0
632,Guinea,2015-03-06,2840.0,1755.0
633,Spain,2015-03-06,1.0,0.0
634,Senegal,2015-03-06,1.0,0.0
635,United Kingdom,2015-03-06,1.0,
636,Guinea,2015-03-10,2871.0,1778.0
638,Sierra Leone,2015-03-10,8428.0,3263.0
639,Spain,2015-03-10,1.0,0.0
640,United States of America,2015-03-10,4.0,1.0
641,United Kingdom,2015-03-10,1.0,
642,Liberia,2015-03-10,3150.0,
643,Senegal,2015-03-10,1.0,0.0
644,Nigeria,2015-03-10,19.0,7.0
81,Total,2015-03-10,14482.0,5049.0
637,Mali,2015-03-10,7.0,
82,Total,2015-03-11,14482.0,5049.0
653,Sierra Leone,2015-03-11,8428.0,3263.0
652,Spain,2015-03-11,1.0,0.0
645,Guinea,2015-03-11,2871.0,1778.0
650,Nigeria,2015-03-11,19.0,7.0
649,Senegal,2015-03-11,1.0,0.0
648,Mali,2015-03-11,7.0,
646,United States of America,2015-03-11,4.0,1.0
647,United Kingdom,2015-03-11,1.0,
651,Liberia,2015-03-11,3150.0,
83,Total,2015-03-12,14547.0,5089.0
662,Mali,2015-03-12,7.0,
661,Senegal,2015-03-12,1.0,0.0
660,Guinea,2015-03-12,2901.0,1792.0
658,Sierra Leone,2015-03-12,8463.0,3289.0
657,United States of America,2015-03-12,4.0,1.0
656,United Kingdom,2015-03-12,1.0,
655,Spain,2015-03-12,1.0,0.0
659,Liberia,2015-03-12,3150.0,
654,Nigeria,2015-03-12,19.0,7.0
84,Total,2015-03-13,14563.0,5102.0
663,Spain,2015-03-13,1.0,0.0
665,Sierra Leone,2015-03-13,8469.0,3297.0
664,Liberia,2015-03-13,3150.0,
671,Mali,2015-03-13,7.0,
670,Senegal,2015-03-13,1.0,0.0
666,United States of America,2015-03-13,4.0,1.0
668,United Kingdom,2015-03-13,1.0,
667,Guinea,2015-03-13,2911.0,1797.0
669,Nigeria,2015-03-13,19.0,7.0
85,Total,2015-03-16,14624.0,5150.0
672,Mali,2015-03-16,7.0,
673,Guinea,2015-03-16,2957.0,1821.0
675,Senegal,2015-03-16,1.0,0.0
676,Nigeria,2015-03-16,19.0,7.0
677,Spain,2015-03-16,1.0,0.0
678,United States of America,2015-03-16,4.0,1.0
679,Liberia,2015-03-16,3150.0,
680,United Kingdom,2015-03-16,1.0,
674,Sierra Leone,2015-03-16,8484.0,3321.0
687,Spain,2015-03-17,1.0,0.0
689,United States of America,2015-03-17,4.0,1.0
688,United Kingdom,2015-03-17,1.0,
686,Liberia,2015-03-17,3150.0,
684,Senegal,2015-03-17,1.0,0.0
683,Nigeria,2015-03-17,19.0,7.0
682,Mali,2015-03-17,7.0,
681,Guinea,2015-03-17,2966.0,1829.0
685,Sierra Leone,2015-03-17,8487.0,3325.0
86,Total,2015-03-17,14636.0,5162.0
87,Total,2015-03-18,14636.0,5162.0
698,United States of America,2015-03-18,4.0,1.0
697,Mali,2015-03-18,7.0,
696,Senegal,2015-03-18,1.0,0.0
694,United Kingdom,2015-03-18,1.0,
693,Guinea,2015-03-18,2966.0,1829.0
692,Spain,2015-03-18,1.0,0.0
691,Sierra Leone,2015-03-18,8487.0,3325.0
690,Liberia,2015-03-18,3150.0,
695,Nigeria,2015-03-18,19.0,7.0
699,United Kingdom,2015-03-20,1.0,
700,Guinea,2015-03-20,2988.0,1846.0
701,Sierra Leone,2015-03-20,8508.0,3346.0
703,Nigeria,2015-03-20,19.0,7.0
704,Senegal,2015-03-20,1.0,0.0
705,Spain,2015-03-20,1.0,0.0
706,Mali,2015-03-20,7.0,
702,United States of America,2015-03-20,4.0,1.0
88,Total,2015-03-20,14679.0,5200.0
707,Liberia,2015-03-20,3150.0,
709,Senegal,2015-03-23,1.0,0.0
89,Total,2015-03-23,14709.0,5247.0
716,Nigeria,2015-03-23,19.0,7.0
715,Spain,2015-03-23,1.0,0.0
708,United States of America,2015-03-23,4.0,1.0
713,United Kingdom,2015-03-23,1.0,
711,Mali,2015-03-23,7.0,
712,Sierra Leone,2015-03-23,8518.0,3376.0
710,Liberia,2015-03-23,3151.0,
714,Guinea,2015-03-23,3007.0,1863.0
721,Nigeria,2015-03-24,19.0,7.0
722,Mali,2015-03-24,7.0,
723,United Kingdom,2015-03-24,1.0,
725,Liberia,2015-03-24,3151.0,
90,Total,2015-03-24,14715.0,5254.0
719,Guinea,2015-03-24,3011.0,1865.0
718,Sierra Leone,2015-03-24,8520.0,3381.0
717,Senegal,2015-03-24,1.0,0.0
720,Spain,2015-03-24,1.0,0.0
724,United States of America,2015-03-24,4.0,1.0
734,United States of America,2015-03-25,4.0,1.0
91,Total,2015-03-25,14715.0,5254.0
733,Nigeria,2015-03-25,19.0,7.0
731,United Kingdom,2015-03-25,1.0,
726,Senegal,2015-03-25,1.0,0.0
727,Liberia,2015-03-25,3151.0,
728,Spain,2015-03-25,1.0,0.0
730,Sierra Leone,2015-03-25,8520.0,3381.0
732,Guinea,2015-03-25,3011.0,1865.0
729,Mali,2015-03-25,7.0,
741,Nigeria,2015-03-26,19.0,7.0
739,Liberia,2015-03-26,3151.0,
743,United States of America,2015-03-26,4.0,1.0
738,Sierra Leone,2015-03-26,8529.0,3398.0
737,Senegal,2015-03-26,1.0,0.0
736,Guinea,2015-03-26,3032.0,1875.0
735,Spain,2015-03-26,1.0,0.0
92,Total,2015-03-26,14745.0,5281.0
740,Mali,2015-03-26,7.0,
742,United Kingdom,2015-03-26,1.0,
749,United Kingdom,2015-03-27,1.0,
748,Senegal,2015-03-27,1.0,0.0
744,Liberia,2015-03-27,3151.0,
745,Spain,2015-03-27,1.0,0.0
746,Mali,2015-03-27,7.0,
747,Nigeria,2015-03-27,19.0,7.0
752,Sierra Leone,2015-03-27,8532.0,3407.0
751,Guinea,2015-03-27,3042.0,1878.0
750,United States of America,2015-03-27,4.0,1.0
93,Total,2015-03-27,14758.0,5293.0
94,Total,2015-04-07,14828.0,5393.0
761,Sierra Leone,2015-04-07,8555.0,3466.0
759,Liberia,2015-04-07,3151.0,
753,Spain,2015-04-07,1.0,0.0
754,Mali,2015-04-07,7.0,
755,Senegal,2015-04-07,1.0,0.0
756,Nigeria,2015-04-07,19.0,7.0
757,Guinea,2015-04-07,3089.0,1919.0
758,United Kingdom,2015-04-07,1.0,
760,United States of America,2015-04-07,4.0,1.0
95,Total,2015-04-09,14835.0,5404.0
770,Sierra Leone,2015-04-09,8558.0,3475.0
769,Guinea,2015-04-09,3093.0,1921.0
768,Nigeria,2015-04-09,19.0,7.0
767,Spain,2015-04-09,1.0,0.0
764,United States of America,2015-04-09,4.0,1.0
765,Mali,2015-04-09,7.0,
763,United Kingdom,2015-04-09,1.0,
762,Liberia,2015-04-09,3151.0,
766,Senegal,2015-04-09,1.0,0.0
777,Spain,2015-04-13,1.0,0.0
96,Total,2015-04-13,14856.0,5424.0
779,Guinea,2015-04-13,3112.0,1928.0
776,Nigeria,2015-04-13,19.0,7.0
778,United Kingdom,2015-04-13,1.0,
774,Mali,2015-04-13,7.0,
773,Liberia,2015-04-13,3151.0,
772,Senegal,2015-04-13,1.0,0.0
775,United States of America,2015-04-13,4.0,1.0
771,Sierra Leone,2015-04-13,8560.0,3488.0
97,Total,2015-04-14,14864.0,5431.0
788,Spain,2015-04-14,1.0,0.0
787,Senegal,2015-04-14,1.0,0.0
786,Liberia,2015-04-14,3151.0,
785,Guinea,2015-04-14,3117.0,1932.0
784,Mali,2015-04-14,7.0,
783,Nigeria,2015-04-14,19.0,7.0
782,United States of America,2015-04-14,4.0,1.0
781,United Kingdom,2015-04-14,1.0,
780,Sierra Leone,2015-04-14,8563.0,3491.0
98,Total,2015-04-15,14864.0,5431.0
797,United Kingdom,2015-04-15,1.0,
796,Nigeria,2015-04-15,19.0,7.0
790,Sierra Leone,2015-04-15,8563.0,3491.0
794,United States of America,2015-04-15,4.0,1.0
793,Guinea,2015-04-15,3117.0,1932.0
792,Senegal,2015-04-15,1.0,0.0
791,Liberia,2015-04-15,3151.0,
789,Mali,2015-04-15,7.0,
795,Spain,2015-04-15,1.0,0.0
99,Total,2015-04-16,14874.0,5441.0
805,Liberia,2015-04-16,3151.0,
806,Guinea,2015-04-16,3124.0,1934.0
803,United Kingdom,2015-04-16,1.0,
801,Sierra Leone,2015-04-16,8566.0,3499.0
800,Mali,2015-04-16,7.0,
799,United States of America,2015-04-16,4.0,1.0
798,Spain,2015-04-16,1.0,0.0
804,Senegal,2015-04-16,1.0,0.0
802,Nigeria,2015-04-16,19.0,7.0
812,Liberia,2015-04-17,3151.0,
813,Spain,2015-04-17,1.0,0.0
814,Mali,2015-04-17,7.0,
815,Sierra Leone,2015-04-17,8569.0,3499.0
807,Guinea,2015-04-17,3126.0,1937.0
808,Nigeria,2015-04-17,19.0,7.0
810,United Kingdom,2015-04-17,1.0,
809,United States of America,2015-04-17,4.0,1.0
100,Total,2015-04-17,14879.0,5444.0
811,Senegal,2015-04-17,1.0,0.0
101,Total,2015-04-20,14889.0,5456.0
824,United States of America,2015-04-20,4.0,1.0
822,Nigeria,2015-04-20,19.0,7.0
821,Liberia,2015-04-20,3151.0,
820,Guinea,2015-04-20,3133.0,1942.0
819,Senegal,2015-04-20,1.0,0.0
817,Mali,2015-04-20,7.0,
816,United Kingdom,2015-04-20,1.0,
823,Spain,2015-04-20,1.0,0.0
818,Sierra Leone,2015-04-20,8572.0,3506.0
102,Total,2015-04-21,14893.0,5462.0
831,Guinea,2015-04-21,3136.0,1943.0
827,Nigeria,2015-04-21,19.0,7.0
829,Senegal,2015-04-21,1.0,0.0
830,United States of America,2015-04-21,4.0,1.0
832,United Kingdom,2015-04-21,1.0,
826,Liberia,2015-04-21,3151.0,
833,Sierra Leone,2015-04-21,8573.0,3511.0
825,Spain,2015-04-21,1.0,0.0
828,Mali,2015-04-21,7.0,
834,United Kingdom,2015-04-22,1.0,
841,Liberia,2015-04-22,3151.0,
840,Senegal,2015-04-22,1.0,0.0
839,Guinea,2015-04-22,3136.0,1943.0
838,United States of America,2015-04-22,4.0,1.0
837,Mali,2015-04-22,7.0,
836,Sierra Leone,2015-04-22,8575.0,3511.0
835,Spain,2015-04-22,1.0,0.0
842,Nigeria,2015-04-22,19.0,7.0
103,Total,2015-04-22,14895.0,5462.0
104,Total,2015-04-23,14909.0,5474.0
846,Guinea,2015-04-23,3144.0,1947.0
845,Liberia,2015-04-23,3151.0,
844,United Kingdom,2015-04-23,1.0,
843,Mali,2015-04-23,7.0,
847,Nigeria,2015-04-23,19.0,7.0
848,Spain,2015-04-23,1.0,0.0
849,Sierra Leone,2015-04-23,8581.0,3519.0
851,Senegal,2015-04-23,1.0,0.0
850,United States of America,2015-04-23,4.0,1.0
105,Total,2015-04-24,14913.0,5478.0
860,Senegal,2015-04-24,1.0,0.0
859,Sierra Leone,2015-04-24,8584.0,3520.0
858,Guinea,2015-04-24,3145.0,1950.0
852,Spain,2015-04-24,1.0,0.0
856,United States of America,2015-04-24,4.0,1.0
855,Nigeria,2015-04-24,19.0,7.0
854,Mali,2015-04-24,7.0,
853,United Kingdom,2015-04-24,1.0,
857,Liberia,2015-04-24,3151.0,
106,Total,2015-04-27,14923.0,5496.0
868,Guinea,2015-04-27,3154.0,1959.0
867,Sierra Leone,2015-04-27,8585.0,3529.0
869,Senegal,2015-04-27,1.0,0.0
864,Liberia,2015-04-27,3151.0,
863,Mali,2015-04-27,7.0,
862,Spain,2015-04-27,1.0,0.0
861,United Kingdom,2015-04-27,1.0,
866,United States of America,2015-04-27,4.0,1.0
865,Nigeria,2015-04-27,19.0,7.0
878,Mali,2015-04-28,7.0,
870,Sierra Leone,2015-04-28,8586.0,3533.0
871,Nigeria,2015-04-28,19.0,7.0
872,Guinea,2015-04-28,3158.0,1962.0
873,Senegal,2015-04-28,1.0,0.0
875,Spain,2015-04-28,1.0,0.0
876,United States of America,2015-04-28,4.0,1.0
877,Liberia,2015-04-28,3151.0,
874,United Kingdom,2015-04-28,1.0,
107,Total,2015-04-28,14928.0,5503.0
880,Guinea,2015-04-30,3159.0,1966.0
881,United States of America,2015-04-30,4.0,1.0
108,Total,2015-04-30,14931.0,5509.0
882,Spain,2015-04-30,1.0,0.0
883,United Kingdom,2015-04-30,1.0,
884,Nigeria,2015-04-30,19.0,7.0
885,Mali,2015-04-30,7.0,
886,Sierra Leone,2015-04-30,8588.0,3535.0
887,Liberia,2015-04-30,3151.0,
879,Senegal,2015-04-30,1.0,0.0
891,United States of America,2015-05-01,4.0,1.0
888,Sierra Leone,2015-05-01,8590.0,3535.0
890,Nigeria,2015-05-01,19.0,7.0
892,Guinea,2015-05-01,3161.0,1968.0
893,Senegal,2015-05-01,1.0,0.0
894,Liberia,2015-05-01,3151.0,
895,United Kingdom,2015-05-01,1.0,
896,Spain,2015-05-01,1.0,0.0
109,Total,2015-05-01,14935.0,5511.0
889,Mali,2015-05-01,7.0,
902,United States of America,2015-05-04,4.0,1.0
110,Total,2015-05-04,14939.0,5514.0
905,Guinea,2015-05-04,3163.0,1970.0
901,Nigeria,2015-05-04,19.0,7.0
903,Spain,2015-05-04,1.0,0.0
900,Mali,2015-05-04,7.0,
899,Liberia,2015-05-04,3151.0,
898,Sierra Leone,2015-05-04,8592.0,3536.0
897,United Kingdom,2015-05-04,1.0,
904,Senegal,2015-05-04,1.0,0.0
111,Total,2015-05-05,14946.0,5516.0
914,Guinea,2015-05-05,3167.0,1971.0
906,Mali,2015-05-05,7.0,
907,Spain,2015-05-05,1.0,0.0
908,Liberia,2015-05-05,3151.0,
912,United Kingdom,2015-05-05,1.0,
909,United States of America,2015-05-05,4.0,1.0
910,Nigeria,2015-05-05,19.0,7.0
911,Sierra Leone,2015-05-05,8595.0,3537.0
913,Senegal,2015-05-05,1.0,0.0
915,Guinea,2015-05-06,3167.0,1971.0
112,Total,2015-05-06,14946.0,5516.0
923,Spain,2015-05-06,1.0,0.0
921,Sierra Leone,2015-05-06,8595.0,3537.0
920,United States of America,2015-05-06,4.0,1.0
918,Nigeria,2015-05-06,19.0,7.0
917,United Kingdom,2015-05-06,1.0,
916,Liberia,2015-05-06,3151.0,
922,Senegal,2015-05-06,1.0,0.0
919,Mali,2015-05-06,7.0,
113,Total,2015-05-07,14951.0,5518.0
932,Nigeria,2015-05-07,19.0,7.0
931,Guinea,2015-05-07,3170.0,1972.0
930,Senegal,2015-05-07,1.0,0.0
929,United Kingdom,2015-05-07,1.0,
928,United States of America,2015-05-07,4.0,1.0
927,Sierra Leone,2015-05-07,8597.0,3538.0
926,Mali,2015-05-07,7.0,
925,Spain,2015-05-07,1.0,0.0
924,Liberia,2015-05-07,3151.0,
114,Total,2015-05-08,14951.0,5518.0
933,Senegal,2015-05-08,1.0,0.0
934,Spain,2015-05-08,1.0,0.0
935,Sierra Leone,2015-05-08,8597.0,3538.0
936,United States of America,2015-05-08,4.0,1.0
937,Nigeria,2015-05-08,19.0,7.0
938,Liberia,2015-05-08,3151.0,
939,United Kingdom,2015-05-08,1.0,
940,Mali,2015-05-08,7.0,
941,Guinea,2015-05-08,3170.0,1972.0
943,Guinea,2015-05-11,3173.0,1976.0
115,Total,2015-05-11,14954.0,5522.0
942,United Kingdom,2015-05-11,1.0,
949,Nigeria,2015-05-11,19.0,7.0
950,Sierra Leone,2015-05-11,8597.0,3538.0
948,Liberia,2015-05-11,3151.0,
947,Mali,2015-05-11,7.0,
946,Spain,2015-05-11,1.0,0.0
945,United States of America,2015-05-11,4.0,1.0
944,Senegal,2015-05-11,1.0,0.0
952,Mali,2015-05-12,7.0,
951,Senegal,2015-05-12,1.0,0.0
953,Liberia,2015-05-12,3151.0,
116,Total,2015-05-12,14955.0,5523.0
954,United States of America,2015-05-12,4.0,1.0
955,United Kingdom,2015-05-12,1.0,
956,Sierra Leone,2015-05-12,8597.0,3538.0
957,Nigeria,2015-05-12,19.0,7.0
958,Guinea,2015-05-12,3174.0,1977.0
959,Spain,2015-05-12,1.0,0.0
964,Spain,2015-05-13,1.0,0.0
968,United States of America,2015-05-13,4.0,1.0
967,Guinea,2015-05-13,3173.0,1976.0
966,Mali,2015-05-13,7.0,
965,Liberia,2015-05-13,3151.0,
117,Total,2015-05-13,14954.0,5522.0
963,Nigeria,2015-05-13,19.0,7.0
962,Senegal,2015-05-13,1.0,0.0
961,United Kingdom,2015-05-13,1.0,
960,Sierra Leone,2015-05-13,8597.0,3538.0
118,Total,2015-05-14,14969.0,5526.0
978,Italy,2015-05-14,1.0,
977,Sierra Leone,2015-05-14,8597.0,3538.0
976,United Kingdom,2015-05-14,1.0,
975,Senegal,2015-05-14,1.0,0.0
974,Guinea,2015-05-14,3187.0,1980.0
969,Nigeria,2015-05-14,19.0,7.0
972,United States of America,2015-05-14,4.0,1.0
971,Liberia,2015-05-14,3151.0,
970,Spain,2015-05-14,1.0,0.0
973,Mali,2015-05-14,7.0,
986,United States of America,2015-05-15,4.0,1.0
119,Total,2015-05-15,14972.0,5528.0
988,Liberia,2015-05-15,3151.0,
987,Senegal,2015-05-15,1.0,0.0
985,Spain,2015-05-15,1.0,0.0
984,Italy,2015-05-15,1.0,0.0
983,United Kingdom,2015-05-15,1.0,
982,Nigeria,2015-05-15,19.0,7.0
981,Sierra Leone,2015-05-15,8598.0,3538.0
980,Guinea,2015-05-15,3189.0,1982.0
979,Mali,2015-05-15,7.0,
998,Guinea,2015-05-18,3195.0,1986.0
997,United States of America,2015-05-18,4.0,1.0
120,Total,2015-05-18,14983.0,5534.0
996,Mali,2015-05-18,7.0,
992,United Kingdom,2015-05-18,1.0,
994,Senegal,2015-05-18,1.0,0.0
993,Liberia,2015-05-18,3151.0,
991,Sierra Leone,2015-05-18,8603.0,3540.0
989,Nigeria,2015-05-18,19.0,7.0
990,Spain,2015-05-18,1.0,0.0
995,Italy,2015-05-18,1.0,
121,Total,2015-05-19,14991.0,5537.0
1008,Senegal,2015-05-19,1.0,0.0
1007,Liberia,2015-05-19,3151.0,
1006,United States of America,2015-05-19,4.0,1.0
1005,United Kingdom,2015-05-19,1.0,
1003,Spain,2015-05-19,1.0,0.0
1002,Sierra Leone,2015-05-19,8605.0,3541.0
1001,Guinea,2015-05-19,3201.0,1988.0
1000,Italy,2015-05-19,1.0,
999,Mali,2015-05-19,7.0,
1004,Nigeria,2015-05-19,19.0,7.0
122,Total,2015-05-20,14991.0,5537.0
1017,Liberia,2015-05-20,3151.0,
1016,Mali,2015-05-20,7.0,
1014,Italy,2015-05-20,1.0,
1013,Nigeria,2015-05-20,19.0,7.0
1012,Senegal,2015-05-20,1.0,0.0
1011,Sierra Leone,2015-05-20,8605.0,3541.0
1010,United Kingdom,2015-05-20,1.0,
1009,Spain,2015-05-20,1.0,0.0
1018,United States of America,2015-05-20,4.0,1.0
1015,Guinea,2015-05-20,3201.0,1988.0
1023,Nigeria,2015-05-21,19.0,7.0
1024,Senegal,2015-05-21,1.0,0.0
1025,Mali,2015-05-21,7.0,
1026,United Kingdom,2015-05-21,1.0,
1027,Guinea,2015-05-21,3204.0,1990.0
1028,United States of America,2015-05-21,4.0,1.0
1020,Italy,2015-05-21,1.0,
1021,Spain,2015-05-21,1.0,0.0
1019,Liberia,2015-05-21,3151.0,
1022,Sierra Leone,2015-05-21,8607.0,3541.0
123,Total,2015-05-21,14996.0,5539.0
1038,Senegal,2015-05-22,1.0,0.0
1037,United Kingdom,2015-05-22,1.0,
1036,Nigeria,2015-05-22,19.0,7.0
1034,Sierra Leone,2015-05-22,8608.0,3541.0
1033,United States of America,2015-05-22,4.0,1.0
1035,Guinea,2015-05-22,3205.0,1993.0
1030,Mali,2015-05-22,7.0,
1029,Spain,2015-05-22,1.0,0.0
124,Total,2015-05-22,14998.0,5542.0
1031,Liberia,2015-05-22,3151.0,
1032,Italy,2015-05-22,1.0,
1048,Sierra Leone,2015-05-25,8608.0,3542.0
1046,Liberia,2015-05-25,3151.0,
1045,Senegal,2015-05-25,1.0,0.0
1041,United Kingdom,2015-05-25,1.0,
1047,Guinea,2015-05-25,3208.0,1999.0
1044,Spain,2015-05-25,1.0,0.0
1039,Nigeria,2015-05-25,19.0,7.0
1043,Mali,2015-05-25,7.0,
125,Total,2015-05-25,15001.0,5549.0
1040,Italy,2015-05-25,1.0,
1042,United States of America,2015-05-25,4.0,1.0
126,Total,2015-05-26,15003.0,5551.0
1049,Nigeria,2015-05-26,19.0,7.0
1050,Senegal,2015-05-26,1.0,0.0
1051,Guinea,2015-05-26,3210.0,2001.0
1052,Mali,2015-05-26,7.0,
1053,Italy,2015-05-26,1.0,
1054,Spain,2015-05-26,1.0,0.0
1055,Sierra Leone,2015-05-26,8608.0,3542.0
1056,United Kingdom,2015-05-26,1.0,
1057,Liberia,2015-05-26,3151.0,
1058,United States of America,2015-05-26,4.0,1.0
1066,Spain,2015-05-27,1.0,0.0
127,Total,2015-05-27,15003.0,5551.0
1065,Liberia,2015-05-27,3151.0,
1064,United States of America,2015-05-27,4.0,1.0
1059,Mali,2015-05-27,7.0,
1062,Nigeria,2015-05-27,19.0,7.0
1061,Guinea,2015-05-27,3210.0,2001.0
1060,Italy,2015-05-27,1.0,
1068,Senegal,2015-05-27,1.0,0.0
1063,Sierra Leone,2015-05-27,8608.0,3542.0
1067,United Kingdom,2015-05-27,1.0,
1073,Spain,2015-05-28,1.0,0.0
1069,Italy,2015-05-28,1.0,
1070,Mali,2015-05-28,7.0,
128,Total,2015-05-28,15010.0,5557.0
1072,Liberia,2015-05-28,3151.0,
1071,United States of America,2015-05-28,4.0,1.0
1074,Senegal,2015-05-28,1.0,0.0
1075,Nigeria,2015-05-28,19.0,7.0
1076,Guinea,2015-05-28,3214.0,2004.0
1077,United Kingdom,2015-05-28,1.0,
1078,Sierra Leone,2015-05-28,8611.0,3545.0
1088,Mali,2015-05-29,7.0,
1087,Senegal,2015-05-29,1.0,0.0
1085,Nigeria,2015-05-29,19.0,7.0
1084,Sierra Leone,2015-05-29,8614.0,3545.0
1086,Spain,2015-05-29,1.0,0.0
1082,United States of America,2015-05-29,4.0,1.0
1081,Liberia,2015-05-29,3151.0,
129,Total,2015-05-29,15015.0,5559.0
1080,United Kingdom,2015-05-29,1.0,
1079,Guinea,2015-05-29,3216.0,2006.0
1083,Italy,2015-05-29,1.0,
1098,Mali,2015-06-01,7.0,
1097,Liberia,2015-06-01,3151.0,
130,Total,2015-06-01,15023.0,5562.0
1096,Guinea,2015-06-01,3220.0,2009.0
1095,Italy,2015-06-01,1.0,
1093,Spain,2015-06-01,1.0,0.0
1092,Nigeria,2015-06-01,19.0,7.0
1091,Sierra Leone,2015-06-01,8618.0,3545.0
1090,United States of America,2015-06-01,4.0,1.0
1089,United Kingdom,2015-06-01,1.0,
1094,Senegal,2015-06-01,1.0,0.0
1099,Sierra Leone,2015-06-02,8620.0,3546.0
1100,Nigeria,2015-06-02,19.0,7.0
1101,Senegal,2015-06-02,1.0,0.0
1105,Liberia,2015-06-02,3151.0,
1103,Mali,2015-06-02,7.0,
1104,United States of America,2015-06-02,4.0,1.0
1106,Spain,2015-06-02,1.0,0.0
1107,Italy,2015-06-02,1.0,
1108,United Kingdom,2015-06-02,1.0,
131,Total,2015-06-02,15028.0,5564.0
1102,Guinea,2015-06-02,3223.0,2010.0
132,Total,2015-06-03,15028.0,5564.0
1118,Liberia,2015-06-03,3151.0,
1117,Mali,2015-06-03,7.0,
1116,Spain,2015-06-03,1.0,0.0
1109,United States of America,2015-06-03,4.0,1.0
1114,Italy,2015-06-03,1.0,
1113,Sierra Leone,2015-06-03,8620.0,3546.0
1112,Nigeria,2015-06-03,19.0,7.0
1110,United Kingdom,2015-06-03,1.0,
1111,Senegal,2015-06-03,1.0,0.0
1115,Guinea,2015-06-03,3223.0,2010.0
133,Total,2015-06-04,15035.0,5566.0
1128,Italy,2015-06-04,1.0,
1127,United Kingdom,2015-06-04,1.0,
1125,Liberia,2015-06-04,3151.0,
1124,Senegal,2015-06-04,1.0,0.0
1123,Mali,2015-06-04,7.0,
1122,Spain,2015-06-04,1.0,0.0
1121,United States of America,2015-06-04,4.0,1.0
1120,Sierra Leone,2015-06-04,8623.0,3546.0
1126,Nigeria,2015-06-04,19.0,7.0
1119,Guinea,2015-06-04,3227.0,2012.0
134,Total,2015-06-05,15037.0,5566.0
1136,Nigeria,2015-06-05,19.0,7.0
1135,Liberia,2015-06-05,3151.0,
1138,Sierra Leone,2015-06-05,8624.0,3546.0
1134,Senegal,2015-06-05,1.0,0.0
1137,Mali,2015-06-05,7.0,
1129,United Kingdom,2015-06-05,1.0,
1130,Guinea,2015-06-05,3228.0,2012.0
1131,Italy,2015-06-05,1.0,
1132,United States of America,2015-06-05,4.0,1.0
1133,Spain,2015-06-05,1.0,0.0
1148,United Kingdom,2015-06-08,1.0,
1147,Mali,2015-06-08,7.0,
1146,Italy,2015-06-08,1.0,
1145,Liberia,2015-06-08,3151.0,
1142,United States of America,2015-06-08,4.0,1.0
1143,Spain,2015-06-08,1.0,0.0
1141,Sierra Leone,2015-06-08,8630.0,3547.0
1140,Nigeria,2015-06-08,19.0,7.0
135,Total,2015-06-08,15052.0,5571.0
1139,Senegal,2015-06-08,1.0,0.0
1144,Guinea,2015-06-08,3237.0,2016.0
1152,United States of America,2015-06-09,4.0,1.0
1149,Sierra Leone,2015-06-09,8635.0,3549.0
1150,Spain,2015-06-09,1.0,0.0
1153,United Kingdom,2015-06-09,1.0,
1151,Liberia,2015-06-09,3151.0,
1155,Mali,2015-06-09,7.0,
136,Total,2015-06-09,15059.0,5575.0
1154,Guinea,2015-06-09,3239.0,2018.0
1157,Senegal,2015-06-09,1.0,0.0
1158,Italy,2015-06-09,1.0,
1156,Nigeria,2015-06-09,19.0,7.0
1160,United Kingdom,2015-06-10,1.0,
1161,Senegal,2015-06-10,1.0,0.0
1162,Italy,2015-06-10,1.0,
1163,Spain,2015-06-10,1.0,0.0
1165,Liberia,2015-06-10,3151.0,
1166,Guinea,2015-06-10,3239.0,2018.0
1167,Nigeria,2015-06-10,19.0,7.0
1168,Sierra Leone,2015-06-10,8635.0,3549.0
137,Total,2015-06-10,15059.0,5575.0
1159,Mali,2015-06-10,7.0,
1164,United States of America,2015-06-10,4.0,1.0
1177,United Kingdom,2015-06-11,1.0,
1178,Sierra Leone,2015-06-11,8638.0,3551.0
1169,Italy,2015-06-11,1.0,
1170,United States of America,2015-06-11,4.0,1.0
1171,Guinea,2015-06-11,3243.0,2021.0
1172,Spain,2015-06-11,1.0,0.0
1173,Mali,2015-06-11,7.0,
1174,Nigeria,2015-06-11,19.0,7.0
1175,Senegal,2015-06-11,1.0,0.0
1176,Liberia,2015-06-11,3151.0,
138,Total,2015-06-11,15066.0,5580.0
139,Total,2015-06-12,15075.0,5580.0
1184,United States of America,2015-06-12,4.0,1.0
1179,Liberia,2015-06-12,3151.0,
1180,Guinea,2015-06-12,3243.0,2021.0
1181,Nigeria,2015-06-12,19.0,7.0
1182,Mali,2015-06-12,7.0,
1183,Spain,2015-06-12,1.0,0.0
1185,Sierra Leone,2015-06-12,8647.0,3551.0
1186,United Kingdom,2015-06-12,1.0,
1187,Italy,2015-06-12,1.0,
1188,Senegal,2015-06-12,1.0,0.0
140,Total,2015-06-15,15083.0,5585.0
1198,Senegal,2015-06-15,1.0,0.0
1197,United Kingdom,2015-06-15,1.0,
1196,Nigeria,2015-06-15,19.0,7.0
1195,Sierra Leone,2015-06-15,8649.0,3553.0
1194,Italy,2015-06-15,1.0,
1191,Mali,2015-06-15,7.0,
1192,Guinea,2015-06-15,3249.0,2024.0
1190,United States of America,2015-06-15,4.0,1.0
1189,Spain,2015-06-15,1.0,0.0
1193,Liberia,2015-06-15,3151.0,
1205,Senegal,2015-06-16,1.0,0.0
141,Total,2015-06-16,15083.0,5586.0
1207,Nigeria,2015-06-16,19.0,7.0
1206,Italy,2015-06-16,1.0,
1204,United States of America,2015-06-16,4.0,1.0
1208,Spain,2015-06-16,1.0,0.0
1202,United Kingdom,2015-06-16,1.0,
1201,Mali,2015-06-16,7.0,
1200,Liberia,2015-06-16,3151.0,
1199,Guinea,2015-06-16,3249.0,2025.0
1203,Sierra Leone,2015-06-16,8649.0,3553.0
142,Total,2015-06-17,15079.0,5586.0
1218,Liberia,2015-06-17,3151.0,
1217,Guinea,2015-06-17,3245.0,2025.0
1216,Mali,2015-06-17,7.0,
1215,Spain,2015-06-17,1.0,0.0
1214,Senegal,2015-06-17,1.0,0.0
1213,Italy,2015-06-17,1.0,
1212,United Kingdom,2015-06-17,1.0,
1211,Nigeria,2015-06-17,19.0,7.0
1210,Sierra Leone,2015-06-17,8649.0,3553.0
1209,United States of America,2015-06-17,4.0,1.0
143,Total,2015-06-18,15082.0,5590.0
1228,Mali,2015-06-18,7.0,
1227,Guinea,2015-06-18,3246.0,2026.0
1226,Nigeria,2015-06-18,19.0,7.0
1221,United States of America,2015-06-18,4.0,1.0
1224,United Kingdom,2015-06-18,1.0,
1223,Senegal,2015-06-18,1.0,0.0
1222,Italy,2015-06-18,1.0,
1220,Liberia,2015-06-18,3151.0,
1225,Spain,2015-06-18,1.0,0.0
1219,Sierra Leone,2015-06-18,8651.0,3556.0
1236,Italy,2015-06-19,1.0,
1235,United Kingdom,2015-06-19,1.0,
1234,Senegal,2015-06-19,1.0,0.0
1233,United States of America,2015-06-19,4.0,1.0
1232,Spain,2015-06-19,1.0,0.0
1231,Nigeria,2015-06-19,19.0,7.0
1238,Guinea,2015-06-19,3247.0,2027.0
1237,Liberia,2015-06-19,3151.0,
144,Total,2015-06-19,15086.0,5595.0
1229,Mali,2015-06-19,7.0,
1230,Sierra Leone,2015-06-19,8654.0,3560.0
1248,Senegal,2015-06-22,1.0,0.0
1247,Nigeria,2015-06-22,19.0,7.0
1246,United States of America,2015-06-22,4.0,1.0
1245,Mali,2015-06-22,7.0,
1244,Sierra Leone,2015-06-22,8657.0,3562.0
1243,Guinea,2015-06-22,3254.0,2028.0
1242,Italy,2015-06-22,1.0,
1241,United Kingdom,2015-06-22,1.0,
1239,Liberia,2015-06-22,3151.0,
145,Total,2015-06-22,15096.0,5598.0
1240,Spain,2015-06-22,1.0,0.0
1254,Senegal,2015-06-23,1.0,0.0
1258,Guinea,2015-06-23,3257.0,2030.0
1257,Mali,2015-06-23,7.0,
1256,Spain,2015-06-23,1.0,0.0
1255,United States of America,2015-06-23,4.0,1.0
1253,Nigeria,2015-06-23,19.0,7.0
146,Total,2015-06-23,15099.0,5600.0
1251,Liberia,2015-06-23,3151.0,
1250,Sierra Leone,2015-06-23,8657.0,3562.0
1249,Italy,2015-06-23,1.0,
1252,United Kingdom,2015-06-23,1.0,
1268,Spain,2015-06-24,1.0,0.0
1267,Nigeria,2015-06-24,19.0,7.0
1266,Italy,2015-06-24,1.0,
1264,Liberia,2015-06-24,3151.0,
1263,Guinea,2015-06-24,3257.0,2030.0
1265,Mali,2015-06-24,7.0,
1261,Senegal,2015-06-24,1.0,0.0
1260,Sierra Leone,2015-06-24,8657.0,3562.0
1259,United States of America,2015-06-24,4.0,1.0
147,Total,2015-06-24,15099.0,5600.0
1262,United Kingdom,2015-06-24,1.0,
148,Total,2015-06-25,15109.0,5610.0
1272,Mali,2015-06-25,7.0,
1269,Nigeria,2015-06-25,19.0,7.0
1270,Sierra Leone,2015-06-25,8660.0,3565.0
1278,Italy,2015-06-25,1.0,
1277,Guinea,2015-06-25,3264.0,2037.0
1276,United States of America,2015-06-25,4.0,1.0
1275,Liberia,2015-06-25,3151.0,
1274,United Kingdom,2015-06-25,1.0,
1273,Spain,2015-06-25,1.0,0.0
1271,Senegal,2015-06-25,1.0,0.0
1279,Guinea,2015-06-26,3266.0,2037.0
1280,Spain,2015-06-26,1.0,0.0
1281,Senegal,2015-06-26,1.0,0.0
1282,Italy,2015-06-26,1.0,
1283,Sierra Leone,2015-06-26,8662.0,3565.0
1284,Liberia,2015-06-26,3151.0,
1285,United Kingdom,2015-06-26,1.0,
1286,Mali,2015-06-26,7.0,
1287,Nigeria,2015-06-26,19.0,7.0
1288,United States of America,2015-06-26,4.0,1.0
149,Total,2015-06-26,15113.0,5610.0
150,Total,2015-06-29,15117.0,5613.0
1298,Italy,2015-06-29,1.0,
1297,United States of America,2015-06-29,4.0,1.0
1296,Liberia,2015-06-29,3151.0,
1295,Spain,2015-06-29,1.0,0.0
1292,Guinea,2015-06-29,3268.0,2039.0
1293,Sierra Leone,2015-06-29,8664.0,3566.0
1291,Nigeria,2015-06-29,19.0,7.0
1290,United Kingdom,2015-06-29,1.0,
1289,Senegal,2015-06-29,1.0,0.0
1294,Mali,2015-06-29,7.0,
1307,Nigeria,2015-06-30,19.0,7.0
151,Total,2015-06-30,15119.0,5613.0
1308,United States of America,2015-06-30,4.0,1.0
1306,Spain,2015-06-30,1.0,0.0
1305,Guinea,2015-06-30,3269.0,2039.0
1304,Senegal,2015-06-30,1.0,0.0
1303,Italy,2015-06-30,1.0,
1302,Sierra Leone,2015-06-30,8665.0,3566.0
1299,United Kingdom,2015-06-30,1.0,
1300,Mali,2015-06-30,7.0,
1301,Liberia,2015-06-30,3151.0,
152,Total,2015-07-01,15119.0,5613.0
1317,Nigeria,2015-07-01,19.0,7.0
1316,United States of America,2015-07-01,4.0,1.0
1318,Mali,2015-07-01,7.0,
1314,Italy,2015-07-01,1.0,
1313,Guinea,2015-07-01,3269.0,2039.0
1312,United Kingdom,2015-07-01,1.0,
1311,Spain,2015-07-01,1.0,0.0
1310,Senegal,2015-07-01,1.0,0.0
1309,Sierra Leone,2015-07-01,8665.0,3566.0
1315,Liberia,2015-07-01,3151.0,
1327,Sierra Leone,2015-07-02,8668.0,3567.0
1321,Liberia,2015-07-02,3151.0,
1322,Guinea,2015-07-02,3277.0,2040.0
1323,United States of America,2015-07-02,4.0,1.0
1324,Spain,2015-07-02,1.0,0.0
1325,Nigeria,2015-07-02,19.0,7.0
1326,Mali,2015-07-02,7.0,
1328,United Kingdom,2015-07-02,1.0,
1320,Italy,2015-07-02,1.0,
153,Total,2015-07-02,15130.0,5615.0
1319,Senegal,2015-07-02,1.0,0.0
1338,Mali,2015-07-03,7.0,
154,Total,2015-07-03,15138.0,5620.0
1329,Liberia,2015-07-03,3151.0,
1330,United Kingdom,2015-07-03,1.0,
1331,Nigeria,2015-07-03,19.0,7.0
1332,Senegal,2015-07-03,1.0,0.0
1333,United States of America,2015-07-03,4.0,1.0
1334,Guinea,2015-07-03,3279.0,2042.0
1335,Italy,2015-07-03,1.0,
1336,Liberia,2015-07-03,3.0,1.0
1337,Spain,2015-07-03,1.0,0.0
1339,Sierra Leone,2015-07-03,8671.0,3569.0
1340,United Kingdom,2015-07-06,1.0,
1341,Spain,2015-07-06,1.0,0.0
155,Total,2015-07-06,15148.0,5631.0
1343,United States of America,2015-07-06,4.0,1.0
1344,Liberia,2015-07-06,3.0,1.0
1345,Nigeria,2015-07-06,19.0,7.0
1346,Mali,2015-07-06,7.0,
1347,Sierra Leone,2015-07-06,8673.0,3574.0
1348,Senegal,2015-07-06,1.0,0.0
1349,Liberia,2015-07-06,3151.0,
1350,Italy,2015-07-06,1.0,
1342,Guinea,2015-07-06,3287.0,2048.0
1356,Sierra Leone,2015-07-07,8674.0,3574.0
1355,United States of America,2015-07-07,4.0,1.0
1354,Nigeria,2015-07-07,19.0,7.0
156,Total,2015-07-07,15149.0,5632.0
1361,United Kingdom,2015-07-07,1.0,
1352,Spain,2015-07-07,1.0,0.0
1359,Guinea,2015-07-07,3287.0,2049.0
1353,Liberia,2015-07-07,3.0,1.0
1351,Italy,2015-07-07,1.0,
1358,Liberia,2015-07-07,3151.0,
1360,Mali,2015-07-07,7.0,
1357,Senegal,2015-07-07,1.0,0.0
157,Total,2015-07-08,15149.0,5632.0
1371,Senegal,2015-07-08,1.0,0.0
1369,Guinea,2015-07-08,3287.0,2049.0
1370,Italy,2015-07-08,1.0,
1368,United Kingdom,2015-07-08,1.0,
1367,Mali,2015-07-08,7.0,
1366,Sierra Leone,2015-07-08,8674.0,3574.0
1365,Spain,2015-07-08,1.0,0.0
1364,United States of America,2015-07-08,4.0,1.0
1372,Liberia,2015-07-08,3151.0,
1363,Liberia,2015-07-08,3.0,1.0
1362,Nigeria,2015-07-08,19.0,7.0
1378,United States of America,2015-07-09,4.0,1.0
1379,Italy,2015-07-09,1.0,
1380,Sierra Leone,2015-07-09,8675.0,3575.0
1381,Guinea,2015-07-09,3290.0,2055.0
1382,Mali,2015-07-09,7.0,
1377,United Kingdom,2015-07-09,1.0,
1383,Spain,2015-07-09,1.0,0.0
1375,Nigeria,2015-07-09,19.0,7.0
1376,Liberia,2015-07-09,5.0,1.0
1373,Liberia,2015-07-09,3151.0,
158,Total,2015-07-09,15155.0,5639.0
1374,Senegal,2015-07-09,1.0,0.0
1388,Italy,2015-07-10,1.0,
1387,Nigeria,2015-07-10,19.0,7.0
1389,Guinea,2015-07-10,3293.0,2055.0
1390,Liberia,2015-07-10,5.0,1.0
1391,Spain,2015-07-10,1.0,0.0
1393,United Kingdom,2015-07-10,1.0,
1394,Liberia,2015-07-10,3151.0,
1386,Sierra Leone,2015-07-10,8676.0,3575.0
1392,United States of America,2015-07-10,4.0,1.0
1384,Senegal,2015-07-10,1.0,0.0
159,Total,2015-07-10,15159.0,5639.0
1385,Mali,2015-07-10,7.0,
1399,Senegal,2015-07-13,1.0,0.0
1402,United States of America,2015-07-13,4.0,1.0
1403,Guinea,2015-07-13,3299.0,2056.0
1401,United Kingdom,2015-07-13,1.0,
1404,Italy,2015-07-13,1.0,
1405,Sierra Leone,2015-07-13,8687.0,3580.0
1400,Mali,2015-07-13,7.0,
1398,Liberia,2015-07-13,5.0,1.0
1395,Nigeria,2015-07-13,19.0,7.0
1396,Liberia,2015-07-13,3151.0,
160,Total,2015-07-13,15176.0,5645.0
1397,Spain,2015-07-13,1.0,0.0
1416,Nigeria,2015-07-14,19.0,7.0
1415,Sierra Leone,2015-07-14,8688.0,3581.0
1413,Italy,2015-07-14,1.0,
1412,Mali,2015-07-14,7.0,
1411,Liberia,2015-07-14,3151.0,
1410,Spain,2015-07-14,1.0,0.0
1409,Guinea,2015-07-14,3300.0,2056.0
1414,United States of America,2015-07-14,4.0,1.0
1407,United Kingdom,2015-07-14,1.0,
1406,Senegal,2015-07-14,1.0,0.0
161,Total,2015-07-14,15179.0,5647.0
1408,Liberia,2015-07-14,6.0,2.0
1427,Senegal,2015-07-15,1.0,0.0
1426,Sierra Leone,2015-07-15,8688.0,3581.0
1425,Mali,2015-07-15,7.0,
1424,Liberia,2015-07-15,6.0,2.0
1423,Liberia,2015-07-15,3151.0,
1422,Guinea,2015-07-15,3300.0,2056.0
1421,United States of America,2015-07-15,4.0,1.0
1419,Italy,2015-07-15,1.0,
1418,Nigeria,2015-07-15,19.0,7.0
1417,Spain,2015-07-15,1.0,0.0
162,Total,2015-07-15,15179.0,5647.0
1420,United Kingdom,2015-07-15,1.0,
1432,Spain,2015-07-16,1.0,0.0
1431,Liberia,2015-07-16,3151.0,
1434,Senegal,2015-07-16,1.0,0.0
1430,Guinea,2015-07-16,3304.0,2056.0
1433,United Kingdom,2015-07-16,1.0,
1428,Mali,2015-07-16,7.0,
1436,Liberia,2015-07-16,6.0,2.0
163,Total,2015-07-16,15183.0,5647.0
1429,Italy,2015-07-16,1.0,
1437,Sierra Leone,2015-07-16,8688.0,3581.0
1435,United States of America,2015-07-16,4.0,1.0
1438,Nigeria,2015-07-16,19.0,7.0
1439,United States of America,2015-07-17,4.0,1.0
1449,Sierra Leone,2015-07-17,8688.0,3581.0
1448,Senegal,2015-07-17,1.0,0.0
1447,Spain,2015-07-17,1.0,0.0
1446,Mali,2015-07-17,7.0,
1444,Nigeria,2015-07-17,19.0,7.0
1445,Liberia,2015-07-17,6.0,2.0
1442,Guinea,2015-07-17,3310.0,2059.0
1441,United Kingdom,2015-07-17,1.0,
164,Total,2015-07-17,15189.0,5650.0
1440,Liberia,2015-07-17,3151.0,
1443,Italy,2015-07-17,1.0,
1456,Liberia,2015-07-20,6.0,2.0
1460,Spain,2015-07-20,1.0,0.0
1459,Mali,2015-07-20,7.0,
1458,Sierra Leone,2015-07-20,8692.0,3583.0
1455,United States of America,2015-07-20,4.0,1.0
1457,Italy,2015-07-20,1.0,
1453,Guinea,2015-07-20,3322.0,2061.0
1452,Senegal,2015-07-20,1.0,0.0
1451,Liberia,2015-07-20,3151.0,
1450,Nigeria,2015-07-20,19.0,7.0
165,Total,2015-07-20,15205.0,5654.0
1454,United Kingdom,2015-07-20,1.0,
166,Total,2015-07-21,15205.0,5655.0
1471,Italy,2015-07-21,1.0,
1470,Nigeria,2015-07-21,19.0,7.0
1469,Mali,2015-07-21,7.0,
1468,Senegal,2015-07-21,1.0,0.0
1466,Spain,2015-07-21,1.0,0.0
1465,United Kingdom,2015-07-21,1.0,
1464,Sierra Leone,2015-07-21,8692.0,3583.0
1463,United States of America,2015-07-21,4.0,1.0
1462,Guinea,2015-07-21,3322.0,2062.0
1461,Liberia,2015-07-21,6.0,2.0
1467,Liberia,2015-07-21,3151.0,
1482,United Kingdom,2015-07-22,1.0,
1481,Mali,2015-07-22,7.0,
1480,Liberia,2015-07-22,3151.0,
1478,Senegal,2015-07-22,1.0,0.0
1479,United States of America,2015-07-22,4.0,1.0
1476,Italy,2015-07-22,1.0,
1475,Nigeria,2015-07-22,19.0,7.0
1474,Guinea,2015-07-22,3322.0,2062.0
1473,Spain,2015-07-22,1.0,0.0
167,Total,2015-07-22,15205.0,5655.0
1472,Sierra Leone,2015-07-22,8692.0,3583.0
1477,Liberia,2015-07-22,6.0,2.0
1493,Italy,2015-07-23,1.0,
1492,Liberia,2015-07-23,6.0,2.0
1491,Senegal,2015-07-23,1.0,0.0
1490,Mali,2015-07-23,7.0,
168,Total,2015-07-23,15209.0,5659.0
1488,United Kingdom,2015-07-23,1.0,
1487,Liberia,2015-07-23,3151.0,
1486,Guinea,2015-07-23,3325.0,2066.0
1483,United States of America,2015-07-23,4.0,1.0
1484,Spain,2015-07-23,1.0,0.0
1489,Nigeria,2015-07-23,19.0,7.0
1485,Sierra Leone,2015-07-23,8693.0,3583.0
169,Total,2015-07-24,15209.0,5659.0
1504,United Kingdom,2015-07-24,1.0,
1503,Spain,2015-07-24,1.0,0.0
1502,Nigeria,2015-07-24,19.0,7.0
1500,Senegal,2015-07-24,1.0,0.0
1499,Italy,2015-07-24,1.0,
1498,Sierra Leone,2015-07-24,8693.0,3583.0
1494,United States of America,2015-07-24,4.0,1.0
1497,Liberia,2015-07-24,3151.0,
1495,Liberia,2015-07-24,6.0,2.0
1496,Mali,2015-07-24,7.0,
1501,Guinea,2015-07-24,3325.0,2066.0
170,Total,2015-07-27,15210.0,5663.0
1515,Sierra Leone,2015-07-27,8694.0,3585.0
1514,Liberia,2015-07-27,6.0,2.0
1512,United Kingdom,2015-07-27,1.0,
1511,Guinea,2015-07-27,3325.0,2068.0
1510,United States of America,2015-07-27,4.0,1.0
1509,Liberia,2015-07-27,3151.0,
1508,Nigeria,2015-07-27,19.0,7.0
1507,Senegal,2015-07-27,1.0,0.0
1505,Spain,2015-07-27,1.0,0.0
1513,Italy,2015-07-27,1.0,
1506,Mali,2015-07-27,7.0,
171,Total,2015-07-28,15211.0,5664.0
1521,Guinea,2015-07-28,3326.0,2069.0
1516,United States of America,2015-07-28,4.0,1.0
1517,Spain,2015-07-28,1.0,0.0
1520,Sierra Leone,2015-07-28,8694.0,3585.0
1518,Mali,2015-07-28,7.0,
1519,United Kingdom,2015-07-28,1.0,
1526,Liberia,2015-07-28,6.0,2.0
1525,Liberia,2015-07-28,3151.0,
1524,Italy,2015-07-28,1.0,
1523,Senegal,2015-07-28,1.0,0.0
1522,Nigeria,2015-07-28,19.0,7.0
1530,United States of America,2015-07-29,4.0,1.0
1527,Nigeria,2015-07-29,19.0,7.0
172,Total,2015-07-29,15211.0,5664.0
1531,Senegal,2015-07-29,1.0,0.0
1532,Liberia,2015-07-29,6.0,2.0
1533,Spain,2015-07-29,1.0,0.0
1534,Mali,2015-07-29,7.0,
1535,United Kingdom,2015-07-29,1.0,
1536,Italy,2015-07-29,1.0,
1537,Guinea,2015-07-29,3326.0,2069.0
1528,Sierra Leone,2015-07-29,8694.0,3585.0
1529,Liberia,2015-07-29,3151.0,
1538,Guinea,2015-07-30,3326.0,2069.0
1539,Senegal,2015-07-30,1.0,0.0
1540,Spain,2015-07-30,1.0,0.0
1541,Mali,2015-07-30,7.0,
1542,Sierra Leone,2015-07-30,8694.0,3585.0
1545,United States of America,2015-07-30,4.0,1.0
173,Total,2015-07-30,15211.0,5664.0
1548,Liberia,2015-07-30,3151.0,
1543,Nigeria,2015-07-30,19.0,7.0
1546,Liberia,2015-07-30,6.0,2.0
1547,United Kingdom,2015-07-30,1.0,
1544,Italy,2015-07-30,1.0,
1559,Mali,2015-07-31,7.0,
1558,Liberia,2015-07-31,3151.0,
1557,Italy,2015-07-31,1.0,
1556,Spain,2015-07-31,1.0,0.0
1555,Guinea,2015-07-31,3326.0,2069.0
1553,Sierra Leone,2015-07-31,8694.0,3585.0
1554,United Kingdom,2015-07-31,1.0,
174,Total,2015-07-31,15211.0,5664.0
1549,Nigeria,2015-07-31,19.0,7.0
1550,Senegal,2015-07-31,1.0,0.0
1551,United States of America,2015-07-31,4.0,1.0
1552,Liberia,2015-07-31,6.0,2.0
1570,Mali,2015-08-03,7.0,
1568,Spain,2015-08-03,1.0,0.0
1567,Guinea,2015-08-03,3327.0,2070.0
1566,Liberia,2015-08-03,3151.0,
1569,Senegal,2015-08-03,1.0,0.0
1565,Nigeria,2015-08-03,19.0,7.0
1563,Italy,2015-08-03,1.0,
175,Total,2015-08-03,15213.0,5665.0
1560,United Kingdom,2015-08-03,1.0,
1564,United States of America,2015-08-03,4.0,1.0
1562,Sierra Leone,2015-08-03,8695.0,3585.0
1561,Liberia,2015-08-03,6.0,2.0
1581,Liberia,2015-08-04,6.0,2.0
1580,Guinea,2015-08-04,3327.0,2070.0
1579,Nigeria,2015-08-04,19.0,7.0
1577,Senegal,2015-08-04,1.0,0.0
1578,Mali,2015-08-04,7.0,
1574,United Kingdom,2015-08-04,1.0,
1573,Liberia,2015-08-04,3151.0,
1572,Sierra Leone,2015-08-04,8695.0,3585.0
1571,Spain,2015-08-04,1.0,0.0
176,Total,2015-08-04,15213.0,5665.0
1575,Italy,2015-08-04,1.0,
1576,United States of America,2015-08-04,4.0,1.0
1589,Liberia,2015-08-05,6.0,2.0
177,Total,2015-08-05,15213.0,5665.0
1592,Nigeria,2015-08-05,19.0,7.0
1591,United Kingdom,2015-08-05,1.0,
1590,United States of America,2015-08-05,4.0,1.0
1588,Senegal,2015-08-05,1.0,0.0
1586,Liberia,2015-08-05,3151.0,
1585,Sierra Leone,2015-08-05,8695.0,3585.0
1584,Mali,2015-08-05,7.0,
1583,Spain,2015-08-05,1.0,0.0
1582,Guinea,2015-08-05,3327.0,2070.0
1587,Italy,2015-08-05,1.0,
178,Total,2015-08-06,15216.0,5667.0
1603,Italy,2015-08-06,1.0,
1602,United States of America,2015-08-06,4.0,1.0
1601,Liberia,2015-08-06,6.0,2.0
1600,Liberia,2015-08-06,3151.0,
1599,Sierra Leone,2015-08-06,8696.0,3585.0
1597,Nigeria,2015-08-06,19.0,7.0
1596,Mali,2015-08-06,7.0,
1595,Senegal,2015-08-06,1.0,0.0
1594,Guinea,2015-08-06,3329.0,2072.0
1593,Spain,2015-08-06,1.0,0.0
1598,United Kingdom,2015-08-06,1.0,
1604,Liberia,2015-08-07,6.0,2.0
1605,Spain,2015-08-07,1.0,0.0
1606,Sierra Leone,2015-08-07,8696.0,3585.0
1607,United States of America,2015-08-07,4.0,1.0
1608,Liberia,2015-08-07,3151.0,
1609,Guinea,2015-08-07,3329.0,2072.0
1612,Nigeria,2015-08-07,19.0,7.0
1611,United Kingdom,2015-08-07,1.0,
1613,Italy,2015-08-07,1.0,
1614,Mali,2015-08-07,7.0,
179,Total,2015-08-07,15216.0,5667.0
1610,Senegal,2015-08-07,1.0,0.0
180,Total,2015-08-10,15217.0,5667.0
1625,Nigeria,2015-08-10,19.0,7.0
1623,United States of America,2015-08-10,4.0,1.0
1622,Mali,2015-08-10,7.0,
1624,Italy,2015-08-10,1.0,
1620,Spain,2015-08-10,1.0,0.0
1621,Guinea,2015-08-10,3329.0,2072.0
1616,United Kingdom,2015-08-10,1.0,
1615,Liberia,2015-08-10,6.0,2.0
1617,Sierra Leone,2015-08-10,8697.0,3585.0
1619,Liberia,2015-08-10,3151.0,
1618,Senegal,2015-08-10,1.0,0.0
1628,Italy,2015-08-11,1.0,
1626,Spain,2015-08-11,1.0,0.0
181,Total,2015-08-11,15217.0,5667.0
1627,Guinea,2015-08-11,3329.0,2072.0
1635,Mali,2015-08-11,7.0,
1636,Liberia,2015-08-11,3151.0,
1632,Senegal,2015-08-11,1.0,0.0
1631,Sierra Leone,2015-08-11,8697.0,3585.0
1630,United States of America,2015-08-11,4.0,1.0
1629,Liberia,2015-08-11,6.0,2.0
1634,United Kingdom,2015-08-11,1.0,
1633,Nigeria,2015-08-11,19.0,7.0
1646,Guinea,2015-08-12,3329.0,2072.0
182,Total,2015-08-12,15217.0,5667.0
1647,Sierra Leone,2015-08-12,8697.0,3585.0
1645,Senegal,2015-08-12,1.0,0.0
1643,Mali,2015-08-12,7.0,
1642,Italy,2015-08-12,1.0,
1637,Liberia,2015-08-12,6.0,2.0
1641,United States of America,2015-08-12,4.0,1.0
1638,Spain,2015-08-12,1.0,0.0
1639,United Kingdom,2015-08-12,1.0,
1640,Nigeria,2015-08-12,19.0,7.0
1644,Liberia,2015-08-12,3151.0,
183,Total,2015-08-13,15218.0,5667.0
1658,Liberia,2015-08-13,3151.0,
1657,Liberia,2015-08-13,6.0,2.0
1650,Sierra Leone,2015-08-13,8697.0,3585.0
1655,United States of America,2015-08-13,4.0,1.0
1648,Senegal,2015-08-13,1.0,0.0
1654,Mali,2015-08-13,7.0,
1649,Guinea,2015-08-13,3330.0,2072.0
1651,Italy,2015-08-13,1.0,
1652,Spain,2015-08-13,1.0,0.0
1653,United Kingdom,2015-08-13,1.0,
1656,Nigeria,2015-08-13,19.0,7.0
184,Total,2015-08-14,15218.0,5668.0
1669,United Kingdom,2015-08-14,1.0,
1667,Liberia,2015-08-14,6.0,2.0
1666,Sierra Leone,2015-08-14,8697.0,3586.0
1665,Guinea,2015-08-14,3330.0,2072.0
1664,Italy,2015-08-14,1.0,
1663,United States of America,2015-08-14,4.0,1.0
1662,Nigeria,2015-08-14,19.0,7.0
1660,Mali,2015-08-14,7.0,
1659,Senegal,2015-08-14,1.0,0.0
1668,Liberia,2015-08-14,3151.0,
1661,Spain,2015-08-14,1.0,0.0
185,Total,2015-08-17,15220.0,5668.0
1677,Nigeria,2015-08-17,19.0,7.0
1670,Guinea,2015-08-17,3332.0,2072.0
1671,Senegal,2015-08-17,1.0,0.0
1672,Liberia,2015-08-17,6.0,2.0
1673,Spain,2015-08-17,1.0,0.0
1674,Sierra Leone,2015-08-17,8697.0,3586.0
1675,Italy,2015-08-17,1.0,
1676,United States of America,2015-08-17,4.0,1.0
1678,Liberia,2015-08-17,3151.0,
1679,Mali,2015-08-17,7.0,
1680,United Kingdom,2015-08-17,1.0,
1688,Senegal,2015-08-18,1.0,0.0
1689,Nigeria,2015-08-18,19.0,7.0
1681,United Kingdom,2015-08-18,1.0,
1687,United States of America,2015-08-18,4.0,1.0
1690,Liberia,2015-08-18,6.0,2.0
1686,Guinea,2015-08-18,3332.0,2072.0
186,Total,2015-08-18,15220.0,5668.0
1684,Italy,2015-08-18,1.0,
1683,Sierra Leone,2015-08-18,8697.0,3586.0
1682,Spain,2015-08-18,1.0,0.0
1691,Mali,2015-08-18,7.0,
1685,Liberia,2015-08-18,3151.0,
1692,Liberia,2015-08-19,6.0,2.0
187,Total,2015-08-19,15220.0,5668.0
1693,Italy,2015-08-19,1.0,
1694,Senegal,2015-08-19,1.0,0.0
1695,Nigeria,2015-08-19,19.0,7.0
1696,Spain,2015-08-19,1.0,0.0
1697,Guinea,2015-08-19,3332.0,2072.0
1698,United Kingdom,2015-08-19,1.0,
1699,Mali,2015-08-19,7.0,
1700,Sierra Leone,2015-08-19,8697.0,3586.0
1701,Liberia,2015-08-19,3151.0,
1702,United States of America,2015-08-19,4.0,1.0
1712,United States of America,2015-08-20,4.0,1.0
1713,Liberia,2015-08-20,6.0,2.0
1711,Sierra Leone,2015-08-20,8697.0,3586.0
188,Total,2015-08-20,15222.0,5670.0
1709,United Kingdom,2015-08-20,1.0,
1708,Nigeria,2015-08-20,19.0,7.0
1710,Italy,2015-08-20,1.0,
1706,Spain,2015-08-20,1.0,0.0
1705,Liberia,2015-08-20,3151.0,
1704,Guinea,2015-08-20,3334.0,2074.0
1703,Senegal,2015-08-20,1.0,0.0
1707,Mali,2015-08-20,7.0,
1724,United Kingdom,2015-08-21,1.0,
1723,Sierra Leone,2015-08-21,8697.0,3586.0
1722,Mali,2015-08-21,7.0,
1721,Nigeria,2015-08-21,19.0,7.0
1720,Liberia,2015-08-21,3151.0,
1718,United States of America,2015-08-21,4.0,1.0
1717,Spain,2015-08-21,1.0,0.0
1716,Liberia,2015-08-21,6.0,2.0
1715,Italy,2015-08-21,1.0,
1714,Senegal,2015-08-21,1.0,0.0
1719,Guinea,2015-08-21,3334.0,2074.0
189,Total,2015-08-21,15222.0,5670.0
1731,Nigeria,2015-08-24,19.0,7.0
190,Total,2015-08-24,15222.0,5671.0
1730,Spain,2015-08-24,1.0,0.0
1729,Mali,2015-08-24,7.0,
1728,United Kingdom,2015-08-24,1.0,
1727,Guinea,2015-08-24,3334.0,2075.0
1725,Liberia,2015-08-24,6.0,2.0
1732,Italy,2015-08-24,1.0,
1735,Sierra Leone,2015-08-24,8697.0,3586.0
1734,Liberia,2015-08-24,3151.0,
1733,United States of America,2015-08-24,4.0,1.0
1726,Senegal,2015-08-24,1.0,0.0
1743,Mali,2015-08-25,7.0,
1742,Sierra Leone,2015-08-25,8697.0,3586.0
1741,Spain,2015-08-25,1.0,0.0
1740,Liberia,2015-08-25,6.0,2.0
1739,Liberia,2015-08-25,3151.0,
1736,Italy,2015-08-25,1.0,
1737,Senegal,2015-08-25,1.0,0.0
191,Total,2015-08-25,15223.0,5671.0
1746,United Kingdom,2015-08-25,1.0,
1738,United States of America,2015-08-25,4.0,1.0
1744,Nigeria,2015-08-25,19.0,7.0
1745,Guinea,2015-08-25,3335.0,2075.0
1754,Guinea,2015-08-26,3335.0,2075.0
1753,Spain,2015-08-26,1.0,0.0
1752,Sierra Leone,2015-08-26,8697.0,3586.0
1756,Senegal,2015-08-26,1.0,0.0
1757,Liberia,2015-08-26,3151.0,
1755,United Kingdom,2015-08-26,1.0,
1751,Nigeria,2015-08-26,19.0,7.0
1748,Mali,2015-08-26,7.0,
1749,United States of America,2015-08-26,4.0,1.0
1750,Italy,2015-08-26,1.0,
1747,Liberia,2015-08-26,6.0,2.0
192,Total,2015-08-26,15223.0,5671.0
1767,Senegal,2015-08-27,1.0,0.0
1766,United Kingdom,2015-08-27,1.0,
1765,Liberia,2015-08-27,3151.0,
1764,Sierra Leone,2015-08-27,8697.0,3586.0
1763,Spain,2015-08-27,1.0,0.0
1762,Italy,2015-08-27,1.0,
1768,United States of America,2015-08-27,4.0,1.0
1760,Nigeria,2015-08-27,19.0,7.0
1759,Mali,2015-08-27,7.0,
1758,Liberia,2015-08-27,6.0,2.0
193,Total,2015-08-27,15224.0,5672.0
1761,Guinea,2015-08-27,3336.0,2076.0
1779,Sierra Leone,2015-08-28,8697.0,3586.0
1778,United Kingdom,2015-08-28,1.0,
1777,Guinea,2015-08-28,3336.0,2076.0
1776,Italy,2015-08-28,1.0,
1775,Nigeria,2015-08-28,19.0,7.0
1774,Liberia,2015-08-28,6.0,2.0
1772,Spain,2015-08-28,1.0,0.0
1771,United States of America,2015-08-28,4.0,1.0
1770,Mali,2015-08-28,7.0,
1769,Liberia,2015-08-28,3151.0,
194,Total,2015-08-28,15224.0,5672.0
1773,Senegal,2015-08-28,1.0,0.0
195,Total,2015-08-31,15226.0,5673.0
1790,Italy,2015-08-31,1.0,
1789,United Kingdom,2015-08-31,1.0,
1788,United States of America,2015-08-31,4.0,1.0
1787,Spain,2015-08-31,1.0,0.0
1786,Liberia,2015-08-31,3151.0,
1780,Mali,2015-08-31,7.0,
1784,Nigeria,2015-08-31,19.0,7.0
1783,Sierra Leone,2015-08-31,8698.0,3587.0
1782,Guinea,2015-08-31,3337.0,2076.0
1781,Liberia,2015-08-31,6.0,2.0
1785,Senegal,2015-08-31,1.0,0.0
196,Total,2015-09-01,15226.0,5674.0
1801,Nigeria,2015-09-01,19.0,7.0
1800,Senegal,2015-09-01,1.0,0.0
1799,United Kingdom,2015-09-01,1.0,
1798,Italy,2015-09-01,1.0,
1797,Mali,2015-09-01,7.0,
1795,United States of America,2015-09-01,4.0,1.0
1794,Sierra Leone,2015-09-01,8698.0,3587.0
1793,Liberia,2015-09-01,3151.0,
1792,Guinea,2015-09-01,3337.0,2077.0
1791,Spain,2015-09-01,1.0,0.0
1796,Liberia,2015-09-01,6.0,2.0
1802,Sierra Leone,2015-09-02,8698.0,3587.0
1803,Mali,2015-09-02,7.0,
1804,United States of America,2015-09-02,4.0,1.0
1806,Guinea,2015-09-02,3337.0,2077.0
1805,United Kingdom,2015-09-02,1.0,
1807,Liberia,2015-09-02,3151.0,
1811,Nigeria,2015-09-02,19.0,7.0
1809,Senegal,2015-09-02,1.0,0.0
1810,Italy,2015-09-02,1.0,
1812,Liberia,2015-09-02,6.0,2.0
1808,Spain,2015-09-02,1.0,0.0
197,Total,2015-09-02,15226.0,5674.0
198,Total,2015-09-03,15227.0,5674.0
1823,Sierra Leone,2015-09-03,8698.0,3587.0
1822,Liberia,2015-09-03,6.0,2.0
1821,Nigeria,2015-09-03,19.0,7.0
1820,Liberia,2015-09-03,3151.0,
1818,Senegal,2015-09-03,1.0,0.0
1817,Guinea,2015-09-03,3338.0,2077.0
1816,United States of America,2015-09-03,4.0,1.0
1815,Mali,2015-09-03,7.0,
1814,Spain,2015-09-03,1.0,0.0
1813,Italy,2015-09-03,1.0,
1819,United Kingdom,2015-09-03,1.0,
1833,United Kingdom,2015-09-04,1.0,
199,Total,2015-09-04,15227.0,5674.0
1834,Mali,2015-09-04,7.0,
1832,Liberia,2015-09-04,6.0,2.0
1830,Guinea,2015-09-04,3338.0,2077.0
1829,Nigeria,2015-09-04,19.0,7.0
1828,Senegal,2015-09-04,1.0,0.0
1831,Sierra Leone,2015-09-04,8698.0,3587.0
1826,Italy,2015-09-04,1.0,
1825,United States of America,2015-09-04,4.0,1.0
1827,Liberia,2015-09-04,3151.0,
1824,Spain,2015-09-04,1.0,0.0
200,Total,2015-09-07,15228.0,5675.0
1845,Liberia,2015-09-07,3151.0,
1844,Sierra Leone,2015-09-07,8699.0,3587.0
1843,United Kingdom,2015-09-07,1.0,
1842,United States of America,2015-09-07,4.0,1.0
1841,Spain,2015-09-07,1.0,0.0
1840,Italy,2015-09-07,1.0,
1839,Senegal,2015-09-07,1.0,0.0
1838,Liberia,2015-09-07,6.0,2.0
1837,Guinea,2015-09-07,3338.0,2078.0
1836,Mali,2015-09-07,7.0,
1835,Nigeria,2015-09-07,19.0,7.0
201,Total,2015-09-08,15228.0,5675.0
1856,Spain,2015-09-08,1.0,0.0
1855,Liberia,2015-09-08,3151.0,
1849,Guinea,2015-09-08,3338.0,2078.0
1853,Mali,2015-09-08,7.0,
1846,Senegal,2015-09-08,1.0,0.0
1847,Liberia,2015-09-08,6.0,2.0
1852,United Kingdom,2015-09-08,1.0,
1848,Nigeria,2015-09-08,19.0,7.0
1850,United States of America,2015-09-08,4.0,1.0
1851,Sierra Leone,2015-09-08,8699.0,3587.0
1854,Italy,2015-09-08,1.0,
202,Total,2015-09-09,15228.0,5675.0
1867,Nigeria,2015-09-09,19.0,7.0
1860,Senegal,2015-09-09,1.0,0.0
1865,Mali,2015-09-09,7.0,
1857,Sierra Leone,2015-09-09,8699.0,3587.0
1858,Italy,2015-09-09,1.0,
1864,Liberia,2015-09-09,6.0,2.0
1859,United Kingdom,2015-09-09,1.0,
1861,Guinea,2015-09-09,3338.0,2078.0
1862,Liberia,2015-09-09,3151.0,
1863,United States of America,2015-09-09,4.0,1.0
1866,Spain,2015-09-09,1.0,0.0
203,Total,2015-09-10,15231.0,5675.0
1878,Senegal,2015-09-10,1.0,0.0
1877,Mali,2015-09-10,7.0,
1875,United Kingdom,2015-09-10,1.0,
1874,Liberia,2015-09-10,3151.0,
1873,United States of America,2015-09-10,4.0,1.0
1872,Italy,2015-09-10,1.0,
1870,Liberia,2015-09-10,6.0,2.0
1869,Guinea,2015-09-10,3338.0,2078.0
1868,Nigeria,2015-09-10,19.0,7.0
1876,Spain,2015-09-10,1.0,0.0
1871,Sierra Leone,2015-09-10,8702.0,3587.0
1883,Italy,2015-09-11,1.0,
1879,Sierra Leone,2015-09-11,8703.0,3587.0
1880,Nigeria,2015-09-11,19.0,7.0
204,Total,2015-09-11,15232.0,5675.0
1884,Guinea,2015-09-11,3338.0,2078.0
1885,Liberia,2015-09-11,6.0,2.0
1886,United States of America,2015-09-11,4.0,1.0
1887,Spain,2015-09-11,1.0,0.0
1888,Senegal,2015-09-11,1.0,0.0
1889,United Kingdom,2015-09-11,1.0,
1882,Liberia,2015-09-11,3151.0,
1881,Mali,2015-09-11,7.0,
1896,Sierra Leone,2015-09-14,8703.0,3587.0
1895,Nigeria,2015-09-14,19.0,7.0
1894,Guinea,2015-09-14,3338.0,2078.0
1890,Spain,2015-09-14,1.0,0.0
1892,Senegal,2015-09-14,1.0,0.0
1891,Liberia,2015-09-14,6.0,2.0
1893,Italy,2015-09-14,1.0,
1897,United Kingdom,2015-09-14,1.0,
1900,Mali,2015-09-14,7.0,
1899,Liberia,2015-09-14,3151.0,
205,Total,2015-09-14,15232.0,5675.0
1898,United States of America,2015-09-14,4.0,1.0
1901,Senegal,2015-09-15,1.0,0.0
1902,Italy,2015-09-15,1.0,
1903,United States of America,2015-09-15,4.0,1.0
1904,Spain,2015-09-15,1.0,0.0
1905,Sierra Leone,2015-09-15,8704.0,3587.0
1907,Nigeria,2015-09-15,19.0,7.0
1908,Liberia,2015-09-15,3151.0,
1909,Guinea,2015-09-15,3338.0,2078.0
1910,Mali,2015-09-15,7.0,
1911,Liberia,2015-09-15,6.0,2.0
206,Total,2015-09-15,15233.0,5675.0
1906,United Kingdom,2015-09-15,1.0,
207,Total,2015-09-16,15233.0,5675.0
1918,Mali,2015-09-16,7.0,
1921,Sierra Leone,2015-09-16,8704.0,3587.0
1912,Guinea,2015-09-16,3338.0,2078.0
1913,Liberia,2015-09-16,3151.0,
1914,Senegal,2015-09-16,1.0,0.0
1915,United Kingdom,2015-09-16,1.0,
1916,Spain,2015-09-16,1.0,0.0
1917,Italy,2015-09-16,1.0,
1919,United States of America,2015-09-16,4.0,1.0
1920,Liberia,2015-09-16,6.0,2.0
1922,Nigeria,2015-09-16,19.0,7.0
208,Total,2015-09-17,15233.0,5677.0
1932,United Kingdom,2015-09-17,1.0,
1923,Sierra Leone,2015-09-17,8704.0,3589.0
1924,Liberia,2015-09-17,6.0,2.0
1925,Mali,2015-09-17,7.0,
1926,Spain,2015-09-17,1.0,0.0
1927,Senegal,2015-09-17,1.0,0.0
1928,Guinea,2015-09-17,3338.0,2078.0
1929,Liberia,2015-09-17,3151.0,
1930,United States of America,2015-09-17,4.0,1.0
1931,Nigeria,2015-09-17,19.0,7.0
1933,Italy,2015-09-17,1.0,
209,Total,2015-09-18,15234.0,5678.0
1940,Mali,2015-09-18,7.0,
1943,Sierra Leone,2015-09-18,8704.0,3589.0
1944,Italy,2015-09-18,1.0,
1942,Guinea,2015-09-18,3339.0,2079.0
1941,United States of America,2015-09-18,4.0,1.0
1939,Spain,2015-09-18,1.0,0.0
1938,Liberia,2015-09-18,3151.0,
1937,United Kingdom,2015-09-18,1.0,
1936,Nigeria,2015-09-18,19.0,7.0
1934,Liberia,2015-09-18,6.0,2.0
1935,Senegal,2015-09-18,1.0,0.0
1948,United Kingdom,2015-09-21,1.0,
1950,Senegal,2015-09-21,1.0,0.0
1951,United States of America,2015-09-21,4.0,1.0
1952,Liberia,2015-09-21,6.0,2.0
1953,Italy,2015-09-21,1.0,
1949,Guinea,2015-09-21,3340.0,2079.0
1954,Sierra Leone,2015-09-21,8704.0,3589.0
1947,Mali,2015-09-21,7.0,
1955,Spain,2015-09-21,1.0,0.0
1945,Liberia,2015-09-21,3151.0,
210,Total,2015-09-21,15235.0,5678.0
1946,Nigeria,2015-09-21,19.0,7.0
1960,Spain,2015-09-22,1.0,0.0
1962,Mali,2015-09-22,7.0,
1963,United Kingdom,2015-09-22,1.0,
1964,Guinea,2015-09-22,3340.0,2079.0
1965,Liberia,2015-09-22,3151.0,
1961,Sierra Leone,2015-09-22,8704.0,3589.0
1959,Liberia,2015-09-22,6.0,2.0
1966,Senegal,2015-09-22,1.0,0.0
1957,Italy,2015-09-22,1.0,
1956,Nigeria,2015-09-22,19.0,7.0
211,Total,2015-09-22,15235.0,5678.0
1958,United States of America,2015-09-22,4.0,1.0
1977,Guinea,2015-09-23,3340.0,2079.0
1976,Italy,2015-09-23,1.0,
1975,Mali,2015-09-23,7.0,
1974,Liberia,2015-09-23,3151.0,
1973,United States of America,2015-09-23,4.0,1.0
1972,Senegal,2015-09-23,1.0,0.0
1971,Liberia,2015-09-23,6.0,2.0
1970,Sierra Leone,2015-09-23,8704.0,3589.0
1968,Spain,2015-09-23,1.0,0.0
1967,Nigeria,2015-09-23,19.0,7.0
212,Total,2015-09-23,15235.0,5678.0
1969,United Kingdom,2015-09-23,1.0,
1986,United States of America,2015-09-24,4.0,1.0
1988,Mali,2015-09-24,7.0,
1987,Spain,2015-09-24,1.0,0.0
1983,Italy,2015-09-24,1.0,
1985,Senegal,2015-09-24,1.0,0.0
1984,Liberia,2015-09-24,3151.0,
1982,Liberia,2015-09-24,6.0,2.0
1980,Guinea,2015-09-24,3340.0,2080.0
1979,Nigeria,2015-09-24,19.0,7.0
1978,United Kingdom,2015-09-24,1.0,
213,Total,2015-09-24,15235.0,5679.0
1981,Sierra Leone,2015-09-24,8704.0,3589.0
1993,Liberia,2015-09-25,3151.0,
1998,Liberia,2015-09-25,6.0,2.0
1997,Spain,2015-09-25,1.0,0.0
1996,Italy,2015-09-25,1.0,
1995,Mali,2015-09-25,7.0,
1994,United Kingdom,2015-09-25,1.0,
1991,Senegal,2015-09-25,1.0,0.0
1999,Nigeria,2015-09-25,19.0,7.0
1990,United States of America,2015-09-25,4.0,1.0
1989,Guinea,2015-09-25,3340.0,2080.0
214,Total,2015-09-25,15235.0,5679.0
1992,Sierra Leone,2015-09-25,8704.0,3589.0
2007,Italy,2015-09-28,1.0,
2008,Guinea,2015-09-28,3342.0,2080.0
2010,United Kingdom,2015-09-28,1.0,
2006,Senegal,2015-09-28,1.0,0.0
2009,Nigeria,2015-09-28,19.0,7.0
2005,Mali,2015-09-28,7.0,
215,Total,2015-09-28,15237.0,5679.0
2003,Liberia,2015-09-28,6.0,2.0
2002,Sierra Leone,2015-09-28,8704.0,3589.0
2001,Spain,2015-09-28,1.0,0.0
2000,Liberia,2015-09-28,3151.0,
2004,United States of America,2015-09-28,4.0,1.0
2021,United Kingdom,2015-09-29,1.0,
2020,Guinea,2015-09-29,3344.0,2080.0
2018,Senegal,2015-09-29,1.0,0.0
2017,Mali,2015-09-29,7.0,
2016,Nigeria,2015-09-29,19.0,7.0
2019,Italy,2015-09-29,1.0,
2014,United States of America,2015-09-29,4.0,1.0
2013,Liberia,2015-09-29,3151.0,
2012,Liberia,2015-09-29,6.0,2.0
2011,Sierra Leone,2015-09-29,8704.0,3589.0
2015,Spain,2015-09-29,1.0,0.0
216,Total,2015-09-29,15239.0,5679.0
2032,Liberia,2015-09-30,6.0,2.0
2022,United States of America,2015-09-30,4.0,1.0
2023,Mali,2015-09-30,7.0,
2024,Sierra Leone,2015-09-30,8704.0,3589.0
2025,Liberia,2015-09-30,3151.0,
2027,Nigeria,2015-09-30,19.0,7.0
2028,Senegal,2015-09-30,1.0,0.0
2029,Guinea,2015-09-30,3344.0,2080.0
2030,Spain,2015-09-30,1.0,0.0
2031,United Kingdom,2015-09-30,1.0,
2026,Italy,2015-09-30,1.0,
217,Total,2015-09-30,15239.0,5679.0
2043,Senegal,2015-10-01,1.0,0.0
218,Total,2015-10-01,15239.0,5679.0
2033,Liberia,2015-10-01,3151.0,
2034,Italy,2015-10-01,1.0,
2035,United Kingdom,2015-10-01,1.0,
2036,Guinea,2015-10-01,3344.0,2080.0
2041,Nigeria,2015-10-01,19.0,7.0
2038,United States of America,2015-10-01,4.0,1.0
2039,Spain,2015-10-01,1.0,0.0
2040,Liberia,2015-10-01,6.0,2.0
2037,Mali,2015-10-01,7.0,
2042,Sierra Leone,2015-10-01,8704.0,3589.0
219,Total,2015-10-02,15239.0,5679.0
2045,United States of America,2015-10-02,4.0,1.0
2044,Senegal,2015-10-02,1.0,0.0
2054,Sierra Leone,2015-10-02,8704.0,3589.0
2053,United Kingdom,2015-10-02,1.0,
2052,Liberia,2015-10-02,6.0,2.0
2051,Liberia,2015-10-02,3151.0,
2050,Italy,2015-10-02,1.0,
2049,Guinea,2015-10-02,3344.0,2080.0
2048,Spain,2015-10-02,1.0,0.0
2047,Mali,2015-10-02,7.0,
2046,Nigeria,2015-10-02,19.0,7.0
220,Total,2015-10-05,15239.0,5680.0
2065,Mali,2015-10-05,7.0,
2064,Nigeria,2015-10-05,19.0,7.0
2058,Italy,2015-10-05,1.0,
2062,Sierra Leone,2015-10-05,8704.0,3589.0
2061,Senegal,2015-10-05,1.0,0.0
2060,Spain,2015-10-05,1.0,0.0
2059,Liberia,2015-10-05,3151.0,
2057,United Kingdom,2015-10-05,1.0,
2056,United States of America,2015-10-05,4.0,1.0
2055,Guinea,2015-10-05,3344.0,2081.0
2063,Liberia,2015-10-05,6.0,2.0
221,Total,2015-10-06,15239.0,5680.0
2076,Liberia,2015-10-06,3151.0,
2075,Nigeria,2015-10-06,19.0,7.0
2070,Mali,2015-10-06,7.0,
2073,United States of America,2015-10-06,4.0,1.0
2066,United Kingdom,2015-10-06,1.0,
2067,Liberia,2015-10-06,6.0,2.0
2068,Senegal,2015-10-06,1.0,0.0
2069,Italy,2015-10-06,1.0,
2071,Spain,2015-10-06,1.0,0.0
2072,Sierra Leone,2015-10-06,8704.0,3589.0
2074,Guinea,2015-10-06,3344.0,2081.0
222,Total,2015-10-07,15239.0,5680.0
2087,Senegal,2015-10-07,1.0,0.0
2086,Spain,2015-10-07,1.0,0.0
2084,Liberia,2015-10-07,3151.0,
2083,United States of America,2015-10-07,4.0,1.0
2082,Italy,2015-10-07,1.0,
2081,Liberia,2015-10-07,6.0,2.0
2080,Nigeria,2015-10-07,19.0,7.0
2079,Sierra Leone,2015-10-07,8704.0,3589.0
2078,Mali,2015-10-07,7.0,
2077,Guinea,2015-10-07,3344.0,2081.0
2085,United Kingdom,2015-10-07,1.0,
223,Total,2015-10-08,15239.0,5680.0
2098,Spain,2015-10-08,1.0,0.0
2093,Senegal,2015-10-08,1.0,0.0
2089,Liberia,2015-10-08,6.0,2.0
2088,Italy,2015-10-08,1.0,
2090,Guinea,2015-10-08,3344.0,2081.0
2091,Liberia,2015-10-08,3151.0,
2092,United Kingdom,2015-10-08,1.0,
2094,Nigeria,2015-10-08,19.0,7.0
2095,Mali,2015-10-08,7.0,
2096,United States of America,2015-10-08,4.0,1.0
2097,Sierra Leone,2015-10-08,8704.0,3589.0
224,Total,2015-10-09,15239.0,5680.0
2099,Spain,2015-10-09,1.0,0.0
2108,Guinea,2015-10-09,3344.0,2081.0
2107,Italy,2015-10-09,1.0,
2106,United States of America,2015-10-09,4.0,1.0
2105,Senegal,2015-10-09,1.0,0.0
2109,Mali,2015-10-09,7.0,
2104,Liberia,2015-10-09,3151.0,
2103,Liberia,2015-10-09,6.0,2.0
2102,United Kingdom,2015-10-09,1.0,
2101,Sierra Leone,2015-10-09,8704.0,3589.0
2100,Nigeria,2015-10-09,19.0,7.0
225,Total,2015-10-13,15239.0,5680.0
2110,United Kingdom,2015-10-13,1.0,
2119,United States of America,2015-10-13,4.0,1.0
2118,Senegal,2015-10-13,1.0,0.0
2117,Guinea,2015-10-13,3344.0,2081.0
2116,Spain,2015-10-13,1.0,0.0
2115,Nigeria,2015-10-13,19.0,7.0
2114,Liberia,2015-10-13,6.0,2.0
2113,Sierra Leone,2015-10-13,8704.0,3589.0
2112,Italy,2015-10-13,1.0,
2111,Liberia,2015-10-13,3151.0,
2120,Mali,2015-10-13,7.0,
226,Total,2015-10-15,15240.0,5680.0
2127,Nigeria,2015-10-15,19.0,7.0
2131,United States of America,2015-10-15,4.0,1.0
2130,Liberia,2015-10-15,6.0,2.0
2129,Italy,2015-10-15,1.0,
2128,Sierra Leone,2015-10-15,8704.0,3589.0
2126,Spain,2015-10-15,1.0,0.0
2125,Mali,2015-10-15,7.0,
2124,Guinea,2015-10-15,3345.0,2081.0
2123,Senegal,2015-10-15,1.0,0.0
2122,Liberia,2015-10-15,3151.0,
2121,United Kingdom,2015-10-15,1.0,
227,Total,2015-10-16,15241.0,5681.0
2132,United States of America,2015-10-16,4.0,1.0
2133,Liberia,2015-10-16,3151.0,
2135,Italy,2015-10-16,1.0,
2136,Liberia,2015-10-16,6.0,2.0
2137,Mali,2015-10-16,7.0,
2138,Sierra Leone,2015-10-16,8704.0,3589.0
2139,Guinea,2015-10-16,3346.0,2082.0
2140,Nigeria,2015-10-16,19.0,7.0
2141,Spain,2015-10-16,1.0,0.0
2142,United Kingdom,2015-10-16,1.0,
2134,Senegal,2015-10-16,1.0,0.0
228,Total,2015-10-20,15242.0,5681.0
2143,Italy,2015-10-20,1.0,
2146,United States of America,2015-10-20,4.0,1.0
2147,Guinea,2015-10-20,3347.0,2082.0
2148,Sierra Leone,2015-10-20,8704.0,3589.0
2149,United Kingdom,2015-10-20,1.0,
2150,Spain,2015-10-20,1.0,0.0
2151,Liberia,2015-10-20,6.0,2.0
2152,Liberia,2015-10-20,3151.0,
2153,Mali,2015-10-20,7.0,
2145,Senegal,2015-10-20,1.0,0.0
2144,Nigeria,2015-10-20,19.0,7.0
2155,Spain,2015-10-22,1.0,0.0
229,Total,2015-10-22,15242.0,5681.0
2156,Italy,2015-10-22,1.0,
2157,Nigeria,2015-10-22,19.0,7.0
2158,Liberia,2015-10-22,3151.0,
2159,Sierra Leone,2015-10-22,8704.0,3589.0
2160,United Kingdom,2015-10-22,1.0,
2161,Senegal,2015-10-22,1.0,0.0
2162,Guinea,2015-10-22,3347.0,2082.0
2163,Mali,2015-10-22,7.0,
2164,United States of America,2015-10-22,4.0,1.0
2154,Liberia,2015-10-22,6.0,2.0
2174,Sierra Leone,2015-10-23,8704.0,3589.0
2173,Liberia,2015-10-23,6.0,2.0
2172,United States of America,2015-10-23,4.0,1.0
2171,Liberia,2015-10-23,3151.0,
2165,Mali,2015-10-23,7.0,
2169,Guinea,2015-10-23,3347.0,2082.0
2168,United Kingdom,2015-10-23,1.0,
2166,Nigeria,2015-10-23,19.0,7.0
2170,Spain,2015-10-23,1.0,0.0
2175,Italy,2015-10-23,1.0,
2167,Senegal,2015-10-23,1.0,0.0
230,Total,2015-10-23,15242.0,5681.0
231,Total,2015-10-26,15245.0,5681.0
2177,Guinea,2015-10-26,3350.0,2082.0
2176,Sierra Leone,2015-10-26,8704.0,3589.0
2180,United States of America,2015-10-26,4.0,1.0
2181,Senegal,2015-10-26,1.0,0.0
2182,Spain,2015-10-26,1.0,0.0
2183,Liberia,2015-10-26,3151.0,
2184,Nigeria,2015-10-26,19.0,7.0
2185,Mali,2015-10-26,7.0,
2186,Liberia,2015-10-26,6.0,2.0
2179,United Kingdom,2015-10-26,1.0,
2178,Italy,2015-10-26,1.0,
2188,Mali,2015-10-27,7.0,
2189,Guinea,2015-10-27,3350.0,2082.0
2191,Sierra Leone,2015-10-27,8704.0,3589.0
2192,Spain,2015-10-27,1.0,0.0
2193,Senegal,2015-10-27,1.0,0.0
2194,Italy,2015-10-27,1.0,
2195,Nigeria,2015-10-27,19.0,7.0
2196,United States of America,2015-10-27,4.0,1.0
2197,Liberia,2015-10-27,3151.0,
2187,Liberia,2015-10-27,6.0,2.0
2190,United Kingdom,2015-10-27,1.0,
232,Total,2015-10-27,15245.0,5681.0
2202,Italy,2015-10-29,1.0,
2205,Mali,2015-10-29,7.0,
2204,United States of America,2015-10-29,4.0,1.0
2203,United Kingdom,2015-10-29,1.0,
2208,Liberia,2015-10-29,3151.0,
2201,Liberia,2015-10-29,6.0,2.0
2200,Guinea,2015-10-29,3350.0,2083.0
2199,Nigeria,2015-10-29,19.0,7.0
2198,Sierra Leone,2015-10-29,8704.0,3589.0
233,Total,2015-10-29,15245.0,5682.0
2206,Senegal,2015-10-29,1.0,0.0
2207,Spain,2015-10-29,1.0,0.0
2211,Nigeria,2015-10-30,19.0,7.0
234,Total,2015-10-30,15245.0,5682.0
2212,Italy,2015-10-30,1.0,
2213,Spain,2015-10-30,1.0,0.0
2214,Sierra Leone,2015-10-30,8704.0,3589.0
2215,Liberia,2015-10-30,3151.0,
2216,Liberia,2015-10-30,6.0,2.0
2217,United States of America,2015-10-30,4.0,1.0
2218,Mali,2015-10-30,7.0,
2219,Guinea,2015-10-30,3350.0,2083.0
2210,United Kingdom,2015-10-30,1.0,
2209,Senegal,2015-10-30,1.0,0.0
2220,Nigeria,2015-11-03,19.0,7.0
2221,Sierra Leone,2015-11-03,8704.0,3589.0
2223,United States of America,2015-11-03,4.0,1.0
235,Total,2015-11-03,15246.0,5682.0
2225,Guinea,2015-11-03,3351.0,2083.0
2226,United Kingdom,2015-11-03,1.0,
2227,Liberia,2015-11-03,3151.0,
2228,Spain,2015-11-03,1.0,0.0
2229,Senegal,2015-11-03,1.0,0.0
2222,Liberia,2015-11-03,6.0,2.0
2230,Italy,2015-11-03,1.0,
2224,Mali,2015-11-03,7.0,
2239,Liberia,2015-11-05,3151.0,
2232,United Kingdom,2015-11-05,1.0,
2233,Mali,2015-11-05,7.0,
2234,Senegal,2015-11-05,1.0,0.0
2235,Liberia,2015-11-05,6.0,2.0
2236,Sierra Leone,2015-11-05,8704.0,3589.0
2231,Nigeria,2015-11-05,19.0,7.0
236,Total,2015-11-05,15246.0,5682.0
2240,United States of America,2015-11-05,4.0,1.0
2241,Guinea,2015-11-05,3351.0,2083.0
2237,Italy,2015-11-05,1.0,
2238,Spain,2015-11-05,1.0,0.0
2242,Italy,2015-11-06,1.0,
2243,United Kingdom,2015-11-06,1.0,
2244,Liberia,2015-11-06,3151.0,
2252,Nigeria,2015-11-06,19.0,7.0
2251,Spain,2015-11-06,1.0,0.0
2250,Mali,2015-11-06,7.0,
2249,Guinea,2015-11-06,3351.0,2083.0
2248,Senegal,2015-11-06,1.0,0.0
2247,Liberia,2015-11-06,6.0,2.0
2245,Sierra Leone,2015-11-06,8704.0,3589.0
237,Total,2015-11-06,15246.0,5682.0
2246,United States of America,2015-11-06,4.0,1.0
2259,Senegal,2015-11-10,1.0,0.0
238,Total,2015-11-10,15246.0,5682.0
2253,United States of America,2015-11-10,4.0,1.0
2254,Nigeria,2015-11-10,19.0,7.0
2255,Guinea,2015-11-10,3351.0,2083.0
2256,Italy,2015-11-10,1.0,
2257,Spain,2015-11-10,1.0,0.0
2258,Liberia,2015-11-10,3151.0,
2260,United Kingdom,2015-11-10,1.0,
2261,Mali,2015-11-10,7.0,
2262,Sierra Leone,2015-11-10,8704.0,3589.0
2263,Liberia,2015-11-10,6.0,2.0
2271,Spain,2015-11-11,1.0,0.0
239,Total,2015-11-11,15246.0,5682.0
2270,United States of America,2015-11-11,4.0,1.0
2272,Liberia,2015-11-11,6.0,2.0
2269,Mali,2015-11-11,7.0,
2274,Senegal,2015-11-11,1.0,0.0
2267,Liberia,2015-11-11,3151.0,
2268,Sierra Leone,2015-11-11,8704.0,3589.0
2264,Italy,2015-11-11,1.0,
2273,Nigeria,2015-11-11,19.0,7.0
2265,Guinea,2015-11-11,3351.0,2083.0
2266,United Kingdom,2015-11-11,1.0,
2285,Guinea,2015-11-12,3351.0,2083.0
2284,United Kingdom,2015-11-12,1.0,
2282,Nigeria,2015-11-12,19.0,7.0
2281,Liberia,2015-11-12,6.0,2.0
2280,Mali,2015-11-12,7.0,
2283,Italy,2015-11-12,1.0,
2278,Sierra Leone,2015-11-12,8704.0,3589.0
2277,Senegal,2015-11-12,1.0,0.0
2276,Liberia,2015-11-12,3151.0,
2275,United States of America,2015-11-12,4.0,1.0
240,Total,2015-11-12,15246.0,5682.0
2279,Spain,2015-11-12,1.0,0.0
2295,Italy,2015-11-16,1.0,
2294,Spain,2015-11-16,1.0,0.0
2293,Guinea,2015-11-16,3351.0,2083.0
241,Total,2015-11-16,15246.0,5682.0
2289,Sierra Leone,2015-11-16,8704.0,3589.0
2290,Senegal,2015-11-16,1.0,0.0
2288,Liberia,2015-11-16,6.0,2.0
2287,United States of America,2015-11-16,4.0,1.0
2286,Mali,2015-11-16,7.0,
2291,Liberia,2015-11-16,3151.0,
2296,United Kingdom,2015-11-16,1.0,
2292,Nigeria,2015-11-16,19.0,7.0
2305,Nigeria,2015-11-17,19.0,7.0
242,Total,2015-11-17,15246.0,5682.0
2306,Mali,2015-11-17,7.0,
2297,United Kingdom,2015-11-17,1.0,
2298,United States of America,2015-11-17,4.0,1.0
2299,Italy,2015-11-17,1.0,
2300,Liberia,2015-11-17,6.0,2.0
2301,Guinea,2015-11-17,3351.0,2083.0
2302,Sierra Leone,2015-11-17,8704.0,3589.0
2303,Senegal,2015-11-17,1.0,0.0
2307,Spain,2015-11-17,1.0,0.0
2304,Liberia,2015-11-17,3151.0,
243,Total,2015-11-20,15246.0,5682.0
2318,Italy,2015-11-20,1.0,
2317,Nigeria,2015-11-20,19.0,7.0
2316,United Kingdom,2015-11-20,1.0,
2315,Mali,2015-11-20,7.0,
2314,United States of America,2015-11-20,4.0,1.0
2313,Spain,2015-11-20,1.0,0.0
2312,Sierra Leone,2015-11-20,8704.0,3589.0
2311,Liberia,2015-11-20,6.0,2.0
2310,Guinea,2015-11-20,3351.0,2083.0
2309,Senegal,2015-11-20,1.0,0.0
2308,Liberia,2015-11-20,3151.0,
244,Total,2015-11-24,15246.0,5682.0
2328,Spain,2015-11-24,1.0,0.0
2327,Italy,2015-11-24,1.0,
2329,Liberia,2015-11-24,3151.0,
2325,United Kingdom,2015-11-24,1.0,
2324,Sierra Leone,2015-11-24,8704.0,3589.0
2323,Senegal,2015-11-24,1.0,0.0
2319,United States of America,2015-11-24,4.0,1.0
2322,Nigeria,2015-11-24,19.0,7.0
2320,Mali,2015-11-24,7.0,
2321,Liberia,2015-11-24,6.0,2.0
2326,Guinea,2015-11-24,3351.0,2083.0
245,Total,2015-11-26,15249.0,5682.0
2340,Sierra Leone,2015-11-26,8704.0,3589.0
2339,Mali,2015-11-26,7.0,
2332,Guinea,2015-11-26,3351.0,2083.0
2337,Senegal,2015-11-26,1.0,0.0
2336,Liberia,2015-11-26,3151.0,
2330,United States of America,2015-11-26,4.0,1.0
2335,Spain,2015-11-26,1.0,0.0
2331,Italy,2015-11-26,1.0,
2333,United Kingdom,2015-11-26,1.0,
2334,Liberia,2015-11-26,9.0,2.0
2338,Nigeria,2015-11-26,19.0,7.0
246,Total,2015-12-01,15249.0,5682.0
2351,United Kingdom,2015-12-01,1.0,
2350,Mali,2015-12-01,7.0,
2349,Senegal,2015-12-01,1.0,0.0
2347,Liberia,2015-12-01,3151.0,
2346,United States of America,2015-12-01,4.0,1.0
2345,Spain,2015-12-01,1.0,0.0
2344,Liberia,2015-12-01,9.0,2.0
2342,Italy,2015-12-01,1.0,
2341,Nigeria,2015-12-01,19.0,7.0
2348,Sierra Leone,2015-12-01,8704.0,3589.0
2343,Guinea,2015-12-01,3351.0,2083.0
247,Total,2015-12-02,15249.0,5683.0
2361,Nigeria,2015-12-02,19.0,7.0
2352,Guinea,2015-12-02,3351.0,2083.0
2360,Mali,2015-12-02,7.0,
2359,Senegal,2015-12-02,1.0,0.0
2358,Sierra Leone,2015-12-02,8704.0,3589.0
2357,Liberia,2015-12-02,9.0,3.0
2362,Italy,2015-12-02,1.0,
2355,Liberia,2015-12-02,3151.0,
2354,United States of America,2015-12-02,4.0,1.0
2353,United Kingdom,2015-12-02,1.0,
2356,Spain,2015-12-02,1.0,0.0
2373,Senegal,2015-12-03,1.0,0.0
2372,Sierra Leone,2015-12-03,8704.0,3589.0
2371,Nigeria,2015-12-03,19.0,7.0
2370,Spain,2015-12-03,1.0,0.0
2369,United Kingdom,2015-12-03,1.0,
2368,United States of America,2015-12-03,4.0,1.0
2367,Mali,2015-12-03,7.0,
2366,Liberia,2015-12-03,9.0,3.0
2365,Italy,2015-12-03,1.0,
2363,Guinea,2015-12-03,3351.0,2083.0
248,Total,2015-12-03,15249.0,5683.0
2364,Liberia,2015-12-03,3151.0,
2378,Liberia,2015-12-09,3151.0,
2380,United States of America,2015-12-09,4.0,1.0
2381,Liberia,2015-12-09,9.0,3.0
2382,Mali,2015-12-09,7.0,
2383,Sierra Leone,2015-12-09,8704.0,3589.0
2379,Senegal,2015-12-09,1.0,0.0
2377,Italy,2015-12-09,1.0,
2384,Nigeria,2015-12-09,19.0,7.0
2375,United Kingdom,2015-12-09,1.0,
249,Total,2015-12-09,15249.0,5683.0
2376,Spain,2015-12-09,1.0,0.0
2374,Guinea,2015-12-09,3351.0,2083.0
250,Total,2015-12-10,15249.0,5683.0
2395,Sierra Leone,2015-12-10,8704.0,3589.0
2394,Senegal,2015-12-10,1.0,0.0
2393,Liberia,2015-12-10,3151.0,
2392,Mali,2015-12-10,7.0,
2391,United States of America,2015-12-10,4.0,1.0
2389,Guinea,2015-12-10,3351.0,2083.0
2390,United Kingdom,2015-12-10,1.0,
2387,Nigeria,2015-12-10,19.0,7.0
2386,Spain,2015-12-10,1.0,0.0
2385,Italy,2015-12-10,1.0,
2388,Liberia,2015-12-10,9.0,3.0
2404,Italy,2015-12-11,1.0,
2405,Sierra Leone,2015-12-11,8704.0,3589.0
2406,Liberia,2015-12-11,3151.0,
2403,Liberia,2015-12-11,9.0,3.0
2402,United Kingdom,2015-12-11,1.0,
2401,Mali,2015-12-11,7.0,
2399,Senegal,2015-12-11,1.0,0.0
2398,Nigeria,2015-12-11,19.0,7.0
2397,United States of America,2015-12-11,4.0,1.0
2396,Spain,2015-12-11,1.0,0.0
251,Total,2015-12-11,15249.0,5683.0
2400,Guinea,2015-12-11,3351.0,2083.0
2417,Liberia,2015-12-15,3151.0,
2416,United Kingdom,2015-12-15,1.0,
2415,Liberia,2015-12-15,9.0,3.0
2414,Nigeria,2015-12-15,19.0,7.0
2413,Senegal,2015-12-15,1.0,0.0
2412,Guinea,2015-12-15,3351.0,2083.0
2410,Spain,2015-12-15,1.0,0.0
2409,Mali,2015-12-15,7.0,
2408,United States of America,2015-12-15,4.0,1.0
2407,Sierra Leone,2015-12-15,8704.0,3589.0
252,Total,2015-12-15,15249.0,5683.0
2411,Italy,2015-12-15,1.0,
253,Total,2015-12-16,15249.0,5683.0
2418,Spain,2015-12-16,1.0,0.0
2419,Mali,2015-12-16,7.0,
2422,Italy,2015-12-16,1.0,
2421,United Kingdom,2015-12-16,1.0,
2423,United States of America,2015-12-16,4.0,1.0
2424,Nigeria,2015-12-16,19.0,7.0
2425,Senegal,2015-12-16,1.0,0.0
2426,Liberia,2015-12-16,3151.0,
2427,Sierra Leone,2015-12-16,8704.0,3589.0
2428,Liberia,2015-12-16,9.0,3.0
2420,Guinea,2015-12-16,3351.0,2083.0
254,Total,2015-12-17,15249.0,5683.0
2438,Senegal,2015-12-17,1.0,0.0
2437,Italy,2015-12-17,1.0,
2436,Guinea,2015-12-17,3351.0,2083.0
2435,Sierra Leone,2015-12-17,8704.0,3589.0
2439,United States of America,2015-12-17,4.0,1.0
2433,Mali,2015-12-17,7.0,
2432,Liberia,2015-12-17,3151.0,
2431,Spain,2015-12-17,1.0,0.0
2430,Nigeria,2015-12-17,19.0,7.0
2429,Liberia,2015-12-17,9.0,3.0
2434,United Kingdom,2015-12-17,1.0,
255,Total,2015-12-22,15249.0,5683.0
2450,Liberia,2015-12-22,3151.0,
2449,United States of America,2015-12-22,4.0,1.0
2448,Italy,2015-12-22,1.0,
2447,United Kingdom,2015-12-22,1.0,
2446,Sierra Leone,2015-12-22,8704.0,3589.0
2444,Spain,2015-12-22,1.0,0.0
2443,Liberia,2015-12-22,9.0,3.0
2442,Senegal,2015-12-22,1.0,0.0
2441,Guinea,2015-12-22,3351.0,2083.0
2440,Nigeria,2015-12-22,19.0,7.0
2445,Mali,2015-12-22,7.0,
256,Total,2015-12-23,15249.0,5683.0
2461,United States of America,2015-12-23,4.0,1.0
2460,Nigeria,2015-12-23,19.0,7.0
2459,Liberia,2015-12-23,9.0,3.0
2456,Spain,2015-12-23,1.0,0.0
2457,Mali,2015-12-23,7.0,
2455,Liberia,2015-12-23,3151.0,
2453,Guinea,2015-12-23,3351.0,2083.0
2454,Senegal,2015-12-23,1.0,0.0
2452,Italy,2015-12-23,1.0,
2451,United Kingdom,2015-12-23,1.0,
2458,Sierra Leone,2015-12-23,8704.0,3589.0
2472,Senegal,2015-12-29,1.0,0.0
2471,Nigeria,2015-12-29,19.0,7.0
2470,United States of America,2015-12-29,4.0,1.0
2469,Guinea,2015-12-29,3351.0,2083.0
2467,Sierra Leone,2015-12-29,8704.0,3589.0
2466,Liberia,2015-12-29,9.0,3.0
2465,Liberia,2015-12-29,3151.0,
2464,Spain,2015-12-29,1.0,0.0
2463,Italy,2015-12-29,1.0,
2462,United Kingdom,2015-12-29,1.0,
257,Total,2015-12-29,15249.0,5683.0
2468,Mali,2015-12-29,7.0,
2482,Liberia,2016-03-23,2.0,1.0
2484,United States of America,2016-03-23,4.0,1.0
2483,Nigeria,2016-03-23,19.0,7.0
2481,Italy,2016-03-23,1.0,
2473,Guinea,2016-03-23,3351.0,2083.0
2479,Liberia,2016-03-23,9.0,3.0
2478,United Kingdom,2016-03-23,1.0,
2477,Mali,2016-03-23,7.0,
2476,Senegal,2016-03-23,1.0,0.0
2475,Sierra Leone,2016-03-23,8704.0,3589.0
2474,Spain,2016-03-23,1.0,0.0
2480,Liberia,2016-03-23,3151.0,
258,Total,2016-03-23,15251.0,5684.0
